Date,Yield to Maturity
01/09/2015,2.1595
02/09/2015,2.1879
03/09/2015,2.1631
04/09/2015,2.1314
04/09/2015,2.1314
08/09/2015,2.1863
09/09/2015,2.1953
10/09/2015,2.2274
11/09/2015,2.1866
14/09/2015,2.1831
15/09/2015,2.2921
16/09/2015,2.2958
17/09/2015,2.1921
18/09/2015,2.1336
21/09/2015,2.1994
22/09/2015,2.1319
23/09/2015,2.1514
24/09/2015,2.1284
25/09/2015,2.1658
28/09/2015,2.0984
29/09/2015,2.0596
30/09/2015,2.035
01/10/2015,2.042
02/10/2015,1.9911
05/10/2015,2.0579
06/10/2015,2.035
07/10/2015,2.065
08/10/2015,2.1022
09/10/2015,2.0899
09/10/2015,2.0899
13/10/2015,2.0421
14/10/2015,1.9753
15/10/2015,2.0192
16/10/2015,2.0351
19/10/2015,2.0228
20/10/2015,2.0688
21/10/2015,2.0281
22/10/2015,2.0281
23/10/2015,2.0866
26/10/2015,2.0582
27/10/2015,2.037
28/10/2015,2.1009
29/10/2015,2.1725
30/10/2015,2.1457
02/11/2015,2.1763
03/11/2015,2.2177
04/11/2015,2.2268
05/11/2015,2.2359
06/11/2015,2.3252
09/11/2015,2.3491
10/11/2015,2.3364
10/11/2015,2.3364
12/11/2015,2.3151
13/11/2015,2.2746
16/11/2015,2.2711
17/11/2015,2.2675
18/11/2015,2.2728
19/11/2015,2.2465
20/11/2015,2.264
23/11/2015,2.2429
24/11/2015,2.2394
25/11/2015,2.2341
25/11/2015,2.2341
27/11/2015,2.2218
30/11/2015,2.2078
01/12/2015,2.1448
02/12/2015,2.178
03/12/2015,2.3207
04/12/2015,2.2729
07/12/2015,2.2358
08/12/2015,2.2217
09/12/2015,2.2112
10/12/2015,2.234
11/12/2015,2.1323
14/12/2015,2.2252
15/12/2015,2.2676
16/12/2015,2.2977
17/12/2015,2.2252
18/12/2015,2.204
21/12/2015,2.1952
22/12/2015,2.2375
23/12/2015,2.2587
24/12/2015,2.2446
24/12/2015,2.2446
28/12/2015,2.2322
29/12/2015,2.3085
30/12/2015,2.2943
31/12/2015,2.2694
31/12/2015,2.2694
04/01/2016,2.2428
05/01/2016,2.2392
06/01/2016,2.1702
07/01/2016,2.1491
08/01/2016,2.1156
11/01/2016,2.1754
12/01/2016,2.105
13/01/2016,2.0909
14/01/2016,2.0909
15/01/2016,2.0365
15/01/2016,2.0365
19/01/2016,2.0556
20/01/2016,1.9876
21/01/2016,2.0276
22/01/2016,2.0572
25/01/2016,2.0064
26/01/2016,2.0029
27/01/2016,2.0028
28/01/2016,1.9819
29/01/2016,1.9226
01/02/2016,1.9503
02/02/2016,1.8517
03/02/2016,1.8826
04/02/2016,1.8463
05/02/2016,1.8426
08/02/2016,1.7483
09/02/2016,1.7311
10/02/2016,1.6732
11/02/2016,1.6642
12/02/2016,1.7464
12/02/2016,1.7464
16/02/2016,1.7792
17/02/2016,1.8156
18/02/2016,1.7413
19/02/2016,1.7431
22/02/2016,1.7552
23/02/2016,1.7157
24/02/2016,1.7518
25/02/2016,1.714
26/02/2016,1.7641
29/02/2016,1.7382
01/03/2016,1.8266
02/03/2016,1.8354
03/03/2016,1.8354
04/03/2016,1.8758
07/03/2016,1.9039
08/03/2016,1.8305
09/03/2016,1.8795
10/03/2016,1.9359
11/03/2016,1.9803
14/03/2016,1.9609
15/03/2016,1.9681
16/03/2016,1.9134
17/03/2016,1.8976
18/03/2016,1.8767
21/03/2016,1.9173
22/03/2016,1.9439
23/03/2016,1.8786
24/03/2016,1.9
24/03/2016,1.9
28/03/2016,1.8825
29/03/2016,1.8035
30/03/2016,1.8281
31/03/2016,1.7704
01/04/2016,1.774
04/04/2016,1.7618
05/04/2016,1.7201
06/04/2016,1.7584
07/04/2016,1.6871
08/04/2016,1.7167
11/04/2016,1.7219
12/04/2016,1.7761
13/04/2016,1.7656
14/04/2016,1.7919
15/04/2016,1.7535
18/04/2016,1.7711
19/04/2016,1.7869
20/04/2016,1.845
21/04/2016,1.8646
22/04/2016,1.8913
25/04/2016,1.9145
26/04/2016,1.9307
27/04/2016,1.8525
28/04/2016,1.8243
29/04/2016,1.835
02/05/2016,1.8723
03/05/2016,1.7963
04/05/2016,1.7769
05/05/2016,1.7418
06/05/2016,1.7789
09/05/2016,1.7507
10/05/2016,1.7543
11/05/2016,1.735
12/05/2016,1.7481
13/05/2016,1.7018
16/05/2016,1.7568
17/05/2016,1.7723
18/05/2016,1.8591
19/05/2016,1.8469
20/05/2016,1.8436
23/05/2016,1.835
24/05/2016,1.8646
25/05/2016,1.8717
26/05/2016,1.8299
27/05/2016,1.851
27/05/2016,1.851
31/05/2016,1.8511
01/06/2016,1.8389
02/06/2016,1.7989
03/06/2016,1.7021
06/06/2016,1.7367
07/06/2016,1.716
08/06/2016,1.7039
09/06/2016,1.6816
10/06/2016,1.6438
13/06/2016,1.613
14/06/2016,1.613
15/06/2016,1.5754
16/06/2016,1.5788
17/06/2016,1.6112
20/06/2016,1.6783
21/06/2016,1.7094
22/06/2016,1.6869
23/06/2016,1.7441
24/06/2016,1.5616
27/06/2016,1.4445
28/06/2016,1.4647
29/06/2016,1.5172
30/06/2016,1.4748
01/07/2016,1.456
01/07/2016,1.456
05/07/2016,1.375
06/07/2016,1.3733
07/07/2016,1.385
08/07/2016,1.3579
11/07/2016,1.4303
12/07/2016,1.5066
13/07/2016,1.4726
14/07/2016,1.5373
15/07/2016,1.5578
18/07/2016,1.5818
19/07/2016,1.5578
20/07/2016,1.5801
21/07/2016,1.556
22/07/2016,1.5663
25/07/2016,1.5749
26/07/2016,1.5628
27/07/2016,1.5027
28/07/2016,1.5078
29/07/2016,1.4497
01/08/2016,1.5197
02/08/2016,1.5541
03/08/2016,1.5454
04/08/2016,1.5025
05/08/2016,1.5902
08/08/2016,1.592
09/08/2016,1.5488
10/08/2016,1.5126
11/08/2016,1.561
12/08/2016,1.5101
15/08/2016,1.5576
16/08/2016,1.5746
17/08/2016,1.5491
18/08/2016,1.5339
19/08/2016,1.5798
22/08/2016,1.5441
23/08/2016,1.5458
24/08/2016,1.5628
25/08/2016,1.5782
26/08/2016,1.6279
29/08/2016,1.5629
30/08/2016,1.5697
31/08/2016,1.5783
01/09/2016,1.5681
02/09/2016,1.6075
02/09/2016,1.6075
06/09/2016,1.5357
07/09/2016,1.5357
08/09/2016,1.6007
09/09/2016,1.6749
12/09/2016,1.6663
13/09/2016,1.7288
14/09/2016,1.6976
15/09/2016,1.6977
16/09/2016,1.6943
19/09/2016,1.7066
20/09/2016,1.6927
21/09/2016,1.6546
22/09/2016,1.6183
23/09/2016,1.6201
26/09/2016,1.5839
27/09/2016,1.5599
28/09/2016,1.5719
29/09/2016,1.5582
30/09/2016,1.5979
03/10/2016,1.6273
04/10/2016,1.6899
05/10/2016,1.7056
06/10/2016,1.7389
07/10/2016,1.7234
07/10/2016,1.7234
11/10/2016,1.7673
12/10/2016,1.7709
13/10/2016,1.7464
14/10/2016,1.8048
17/10/2016,1.7678
18/10/2016,1.7397
19/10/2016,1.7468
20/10/2016,1.7556
21/10/2016,1.7364
24/10/2016,1.7665
25/10/2016,1.7577
26/10/2016,1.7914
27/10/2016,1.8501
28/10/2016,1.8486
31/10/2016,1.8255
01/11/2016,1.8274
02/11/2016,1.8008
03/11/2016,1.8097
04/11/2016,1.778
07/11/2016,1.8279
08/11/2016,1.8583
09/11/2016,2.0681
10/11/2016,2.1378
10/11/2016,2.1378
14/11/2016,2.2543
15/11/2016,2.2295
16/11/2016,2.2136
17/11/2016,2.2973
18/11/2016,2.3476
21/11/2016,2.3136
22/11/2016,2.3137
23/11/2016,2.3552
23/11/2016,2.3552
25/11/2016,2.359
28/11/2016,2.3124
29/11/2016,2.2927
30/11/2016,2.39
01/12/2016,2.4536
02/12/2016,2.3922
05/12/2016,2.4013
06/12/2016,2.3924
07/12/2016,2.3437
08/12/2016,2.4089
09/12/2016,2.4656
12/12/2016,2.4767
13/12/2016,2.4732
14/12/2016,2.567
15/12/2016,2.606
16/12/2016,2.599
19/12/2016,2.5437
20/12/2016,2.5605
21/12/2016,2.5384
22/12/2016,2.5533
23/12/2016,2.5428
23/12/2016,2.5428
27/12/2016,2.5614
28/12/2016,2.5117
29/12/2016,2.4769
30/12/2016,2.4462
30/12/2016,2.4462
03/01/2017,2.4481
04/01/2017,2.4409
05/01/2017,2.3479
06/01/2017,2.4212
09/01/2017,2.3683
10/01/2017,2.3775
11/01/2017,2.3703
12/01/2017,2.3613
13/01/2017,2.3982
13/01/2017,2.3982
17/01/2017,2.3253
18/01/2017,2.4277
19/01/2017,2.4702
20/01/2017,2.4668
23/01/2017,2.4007
24/01/2017,2.4652
25/01/2017,2.5153
26/01/2017,2.5117
27/01/2017,2.4862
30/01/2017,2.49
31/01/2017,2.466
01/02/2017,2.4773
02/02/2017,2.4737
03/02/2017,2.4666
06/02/2017,2.4169
07/02/2017,2.3967
08/02/2017,2.34
09/02/2017,2.3966
10/02/2017,2.4091
13/02/2017,2.4358
14/02/2017,2.4716
15/02/2017,2.4968
16/02/2017,2.4467
17/02/2017,2.42
17/02/2017,2.42
21/02/2017,2.4308
22/02/2017,2.4147
23/02/2017,2.3755
24/02/2017,2.3152
27/02/2017,2.3667
28/02/2017,2.3971
01/03/2017,2.458
02/03/2017,2.4815
03/03/2017,2.4816
06/03/2017,2.4943
07/03/2017,2.5179
08/03/2017,2.5597
09/03/2017,2.609
10/03/2017,2.5745
13/03/2017,2.6258
14/03/2017,2.6021
15/03/2017,2.5003
16/03/2017,2.5366
17/03/2017,2.5005
20/03/2017,2.4626
21/03/2017,2.4157
22/03/2017,2.4032
23/03/2017,2.4176
24/03/2017,2.4177
27/03/2017,2.3782
28/03/2017,2.4196
29/03/2017,2.3801
30/03/2017,2.4215
31/03/2017,2.3892
03/04/2017,2.3229
04/04/2017,2.3641
05/04/2017,2.339
06/04/2017,2.3408
07/04/2017,2.3822
10/04/2017,2.3661
11/04/2017,2.298
12/04/2017,2.2445
13/04/2017,2.232
13/04/2017,2.232
17/04/2017,2.2481
18/04/2017,2.1718
19/04/2017,2.216
20/04/2017,2.2356
21/04/2017,2.2463
24/04/2017,2.273
25/04/2017,2.334
26/04/2017,2.3035
27/04/2017,2.2999
28/04/2017,2.2892
01/05/2017,2.3216
02/05/2017,2.2874
03/05/2017,2.3216
04/05/2017,2.3523
05/05/2017,2.3505
08/05/2017,2.3886
09/05/2017,2.3977
10/05/2017,2.4105
11/05/2017,2.3927
12/05/2017,2.3257
15/05/2017,2.3433
16/05/2017,2.3257
17/05/2017,2.2225
18/05/2017,2.2277
19/05/2017,2.2346
22/05/2017,2.252
23/05/2017,2.2817
24/05/2017,2.2519
25/05/2017,2.2554
26/05/2017,2.25
26/05/2017,2.25
30/05/2017,2.208
31/05/2017,2.2063
01/06/2017,2.2132
02/06/2017,2.1591
05/06/2017,2.1834
06/06/2017,2.1451
07/06/2017,2.1763
08/06/2017,2.192
09/06/2017,2.2023
12/06/2017,2.2145
13/06/2017,2.2109
14/06/2017,2.1273
15/06/2017,2.1637
16/06/2017,2.1531
19/06/2017,2.1914
20/06/2017,2.1565
21/06/2017,2.1651
22/06/2017,2.1477
23/06/2017,2.144
26/06/2017,2.1352
27/06/2017,2.2033
28/06/2017,2.2261
29/06/2017,2.2666
30/06/2017,2.3037
03/07/2017,2.3481
03/07/2017,2.3481
05/07/2017,2.3267
06/07/2017,2.3677
07/07/2017,2.3856
10/07/2017,2.373
11/07/2017,2.3605
12/07/2017,2.3195
13/07/2017,2.348
14/07/2017,2.3319
17/07/2017,2.3141
18/07/2017,2.2607
19/07/2017,2.2713
20/07/2017,2.2571
21/07/2017,2.2375
24/07/2017,2.257
25/07/2017,2.3318
26/07/2017,2.2925
27/07/2017,2.3193
28/07/2017,2.2906
31/07/2017,2.296
01/08/2017,2.2532
02/08/2017,2.271
03/08/2017,2.2194
04/08/2017,2.2637
07/08/2017,2.2566
08/08/2017,2.2619
09/08/2017,2.2494
10/08/2017,2.201
11/08/2017,2.1905
14/08/2017,2.2237
15/08/2017,2.2728
16/08/2017,2.2255
17/08/2017,2.1853
18/08/2017,2.1974
21/08/2017,2.1834
22/08/2017,2.2166
23/08/2017,2.1694
24/08/2017,2.1956
25/08/2017,2.1694
28/08/2017,2.1589
29/08/2017,2.1292
30/08/2017,2.1362
31/08/2017,2.1205
01/09/2017,2.1657
01/09/2017,2.1657
05/09/2017,2.063
06/09/2017,2.1064
07/09/2017,2.0422
08/09/2017,2.0541
11/09/2017,2.134
12/09/2017,2.1672
13/09/2017,2.1935
14/09/2017,2.1865
15/09/2017,2.2023
18/09/2017,2.234
19/09/2017,2.2463
20/09/2017,2.2729
21/09/2017,2.2782
22/09/2017,2.2534
25/09/2017,2.2216
26/09/2017,2.2357
27/09/2017,2.3103
28/09/2017,2.3085
29/09/2017,2.339
02/10/2017,2.3408
03/10/2017,2.3247
04/10/2017,2.3229
05/10/2017,2.348
06/10/2017,2.3607
06/10/2017,2.3607
10/10/2017,2.3553
11/10/2017,2.3535
12/10/2017,2.3213
13/10/2017,2.2748
16/10/2017,2.3052
17/10/2017,2.3016
18/10/2017,2.3447
19/10/2017,2.3178
20/10/2017,2.3827
23/10/2017,2.3701
24/10/2017,2.4208
25/10/2017,2.4353
26/10/2017,2.4627
27/10/2017,2.4155
30/10/2017,2.3703
31/10/2017,2.3775
01/11/2017,2.3721
02/11/2017,2.3487
03/11/2017,2.3325
06/11/2017,2.3181
07/11/2017,2.3163
08/11/2017,2.3343
09/11/2017,2.3398
10/11/2017,2.402
13/11/2017,2.4073
14/11/2017,2.3753
15/11/2017,2.3257
16/11/2017,2.3753
17/11/2017,2.3452
20/11/2017,2.3683
21/11/2017,2.3577
22/11/2017,2.3205
22/11/2017,2.3205
24/11/2017,2.3401
27/11/2017,2.3312
28/11/2017,2.3259
29/11/2017,2.3882
30/11/2017,2.415
01/12/2017,2.3633
04/12/2017,2.3723
05/12/2017,2.3527
06/12/2017,2.3403
07/12/2017,2.3616
08/12/2017,2.3778
11/12/2017,2.3903
12/12/2017,2.4029
13/12/2017,2.3475
14/12/2017,2.3493
15/12/2017,2.3512
18/12/2017,2.3942
19/12/2017,2.459
20/12/2017,2.497
21/12/2017,2.4844
22/12/2017,2.4846
22/12/2017,2.4846
26/12/2017,2.4738
27/12/2017,2.4125
28/12/2017,2.4341
29/12/2017,2.4054
29/12/2017,2.4054
02/01/2018,2.4615
03/01/2018,2.4452
04/01/2018,2.4525
05/01/2018,2.4763
08/01/2018,2.48
09/01/2018,2.5512
10/01/2018,2.5586
11/01/2018,2.5367
12/01/2018,2.5498
12/01/2018,2.5498
16/01/2018,2.5389
17/01/2018,2.5867
18/01/2018,2.6237
19/01/2018,2.6611
22/01/2018,2.6556
23/01/2018,2.6168
24/01/2018,2.6484
25/01/2018,2.6244
26/01/2018,2.6599
29/01/2018,2.6992
30/01/2018,2.7236
31/01/2018,2.7125
01/02/2018,2.7821
02/02/2018,2.8411
05/02/2018,2.7093
06/02/2018,2.8054
07/02/2018,2.834
08/02/2018,2.8276
09/02/2018,2.8566
12/02/2018,2.8585
13/02/2018,2.833
14/02/2018,2.9131
15/02/2018,2.9058
16/02/2018,2.8731
16/02/2018,2.8731
20/02/2018,2.8914
21/02/2018,2.9519
22/02/2018,2.9189
23/02/2018,2.866
26/02/2018,2.8642
27/02/2018,2.9007
28/02/2018,2.8642
01/03/2018,2.8114
02/03/2018,2.8679
05/03/2018,2.8826
06/03/2018,2.8863
07/03/2018,2.8808
08/03/2018,2.8571
09/03/2018,2.8956
12/03/2018,2.8663
13/03/2018,2.8444
14/03/2018,2.8189
15/03/2018,2.8262
16/03/2018,2.8445
19/03/2018,2.8555
20/03/2018,2.8996
21/03/2018,2.8812
22/03/2018,2.8226
23/03/2018,2.8135
26/03/2018,2.852
27/03/2018,2.7753
28/03/2018,2.7825
29/03/2018,2.7407
29/03/2018,2.7407
02/04/2018,2.7334
03/04/2018,2.7807
04/04/2018,2.8082
05/04/2018,2.8338
06/04/2018,2.7753
09/04/2018,2.7808
10/04/2018,2.8009
11/04/2018,2.779
12/04/2018,2.8431
13/04/2018,2.8248
16/04/2018,2.8285
17/04/2018,2.8304
18/04/2018,2.8746
19/04/2018,2.9135
20/04/2018,2.9602
23/04/2018,2.977
24/04/2018,2.9995
25/04/2018,3.0315
26/04/2018,2.9828
27/04/2018,2.9587
30/04/2018,2.955
01/05/2018,2.9681
02/05/2018,2.9756
03/05/2018,2.9477
04/05/2018,2.9515
07/05/2018,2.9516
08/05/2018,2.9722
09/05/2018,3.0061
10/05/2018,2.964
11/05/2018,2.9695
14/05/2018,3.0024
15/05/2018,3.0723
16/05/2018,3.1038
17/05/2018,3.1149
18/05/2018,3.0596
21/05/2018,3.0578
22/05/2018,3.0634
23/05/2018,2.9935
24/05/2018,2.977
25/05/2018,2.9313
25/05/2018,2.9313
29/05/2018,2.7899
30/05/2018,2.8568
31/05/2018,2.8604
01/06/2018,2.9022
04/06/2018,2.9442
05/06/2018,2.9259
06/06/2018,2.9736
07/06/2018,2.9223
08/06/2018,2.9479
11/06/2018,2.9516
12/06/2018,2.9645
13/06/2018,2.9737
14/06/2018,2.9351
15/06/2018,2.9223
18/06/2018,2.9169
19/06/2018,2.8967
20/06/2018,2.937
21/06/2018,2.8986
22/06/2018,2.8949
25/06/2018,2.8821
26/06/2018,2.8766
27/06/2018,2.8274
28/06/2018,2.8401
29/06/2018,2.8601
02/07/2018,2.8711
03/07/2018,2.8327
03/07/2018,2.8327
05/07/2018,2.8327
06/07/2018,2.8236
09/07/2018,2.8583
10/07/2018,2.8674
11/07/2018,2.84
12/07/2018,2.8491
13/07/2018,2.8289
16/07/2018,2.8564
17/07/2018,2.86
18/07/2018,2.8747
19/07/2018,2.838
20/07/2018,2.895
23/07/2018,2.9597
24/07/2018,2.9504
25/07/2018,2.9727
26/07/2018,2.982
27/07/2018,2.9579
30/07/2018,2.9747
31/07/2018,2.9617
01/08/2018,3.0045
02/08/2018,2.9859
03/08/2018,2.9506
06/08/2018,2.9451
07/08/2018,2.9767
08/08/2018,2.9637
09/08/2018,2.9294
10/08/2018,2.8732
13/08/2018,2.8768
14/08/2018,2.9004
15/08/2018,2.8641
16/08/2018,2.8696
17/08/2018,2.8641
20/08/2018,2.819
21/08/2018,2.8424
22/08/2018,2.8207
23/08/2018,2.8279
24/08/2018,2.8134
27/08/2018,2.8459
28/08/2018,2.884
29/08/2018,2.8858
30/08/2018,2.8586
31/08/2018,2.8604
31/08/2018,2.8604
04/09/2018,2.8985
05/09/2018,2.904
06/09/2018,2.8785
07/09/2018,2.9388
10/09/2018,2.9351
11/09/2018,2.981
12/09/2018,2.9645
13/09/2018,2.9737
14/09/2018,2.9995
17/09/2018,2.994
18/09/2018,3.057
19/09/2018,3.0663
20/09/2018,3.0645
21/09/2018,3.0665
24/09/2018,3.0889
25/09/2018,3.0983
26/09/2018,3.048
27/09/2018,3.0555
28/09/2018,3.0649
01/10/2018,3.0855
02/10/2018,3.0613
03/10/2018,3.1813
04/10/2018,3.187
05/10/2018,3.2328
05/10/2018,3.2328
09/10/2018,3.2063
10/10/2018,3.1742
11/10/2018,3.146
12/10/2018,3.167
15/10/2018,3.1557
16/10/2018,3.1633
17/10/2018,3.2069
18/10/2018,3.1767
19/10/2018,3.1958
22/10/2018,3.1997
23/10/2018,3.1714
24/10/2018,3.111
25/10/2018,3.1262
26/10/2018,3.0774
29/10/2018,3.0887
30/10/2018,3.1189
31/10/2018,3.1492
01/11/2018,3.1341
02/11/2018,3.2198
05/11/2018,3.2008
06/11/2018,3.2314
07/11/2018,3.2373
08/11/2018,3.2392
09/11/2018,3.1856
09/11/2018,3.1856
13/11/2018,3.1415
14/11/2018,3.1268
15/11/2018,3.1103
16/11/2018,3.0647
19/11/2018,3.0628
20/11/2018,3.061
21/11/2018,3.0646
21/11/2018,3.0646
23/11/2018,3.0463
26/11/2018,3.059
27/11/2018,3.059
28/11/2018,3.0608
29/11/2018,3.0316
30/11/2018,2.9933
03/12/2018,2.9661
04/12/2018,2.9154
04/12/2018,2.9154
06/12/2018,2.8919
07/12/2018,2.8576
10/12/2018,2.8629
11/12/2018,2.879
12/12/2018,2.9114
13/12/2018,2.9131
14/12/2018,2.8949
17/12/2018,2.857
18/12/2018,2.8228
19/12/2018,2.762
20/12/2018,2.8083
21/12/2018,2.7884
24/12/2018,2.7365
24/12/2018,2.7365
26/12/2018,2.8097
27/12/2018,2.7738
28/12/2018,2.7164
31/12/2018,2.686
31/12/2018,2.686
02/01/2019,2.6328
03/01/2019,2.5517
04/01/2019,2.6677
07/01/2019,2.6978
08/01/2019,2.7298
09/01/2019,2.7118
10/01/2019,2.7457
11/01/2019,2.6989
14/01/2019,2.706
15/01/2019,2.7184
16/01/2019,2.7272
17/01/2019,2.7504
18/01/2019,2.7878
18/01/2019,2.7878
22/01/2019,2.7409
23/01/2019,2.7498
24/01/2019,2.7157
25/01/2019,2.7585
28/01/2019,2.7476
29/01/2019,2.7098
30/01/2019,2.6775
31/01/2019,2.6328
01/02/2019,2.6842
04/02/2019,2.7253
05/02/2019,2.7037
06/02/2019,2.7
07/02/2019,2.6572
08/02/2019,2.6339
11/02/2019,2.6536
12/02/2019,2.6859
13/02/2019,2.7093
14/02/2019,2.6554
15/02/2019,2.6644
15/02/2019,2.6644
19/02/2019,2.6357
20/02/2019,2.6483
21/02/2019,2.695
22/02/2019,2.6536
25/02/2019,2.668
26/02/2019,2.6375
27/02/2019,2.6861
28/02/2019,2.7168
01/03/2019,2.7585
04/03/2019,2.7241
05/03/2019,2.7187
06/03/2019,2.6934
07/03/2019,2.6411
08/03/2019,2.6303
11/03/2019,2.6411
12/03/2019,2.5997
13/03/2019,2.6249
14/03/2019,2.6303
15/03/2019,2.5907
18/03/2019,2.6051
19/03/2019,2.6177
20/03/2019,2.5245
21/03/2019,2.5387
22/03/2019,2.4373
25/03/2019,2.4054
26/03/2019,2.4248
27/03/2019,2.3806
28/03/2019,2.3911
29/03/2019,2.4068
01/04/2019,2.5027
02/04/2019,2.4724
03/04/2019,2.5277
04/04/2019,2.5133
05/04/2019,2.4989
08/04/2019,2.5204
09/04/2019,2.5024
10/04/2019,2.4649
11/04/2019,2.4988
12/04/2019,2.5615
15/04/2019,2.5561
16/04/2019,2.5922
17/04/2019,2.594
18/04/2019,2.5596
18/04/2019,2.5596
22/04/2019,2.5867
23/04/2019,2.5686
24/04/2019,2.5181
25/04/2019,2.5343
26/04/2019,2.5
29/04/2019,2.527
30/04/2019,2.5036
01/05/2019,2.5017
02/05/2019,2.545
03/05/2019,2.5305
06/05/2019,2.4998
07/05/2019,2.4477
08/05/2019,2.4853
09/05/2019,2.4529
10/05/2019,2.4725
13/05/2019,2.4033
14/05/2019,2.4139
15/05/2019,2.3768
16/05/2019,2.3944
17/05/2019,2.3927
20/05/2019,2.4192
21/05/2019,2.4281
22/05/2019,2.3803
23/05/2019,2.322
24/05/2019,2.3237
24/05/2019,2.3237
28/05/2019,2.2675
29/05/2019,2.2622
30/05/2019,2.2168
31/05/2019,2.1332
03/06/2019,2.0745
04/06/2019,2.121
05/06/2019,2.1313
06/06/2019,2.1209
07/06/2019,2.0844
10/06/2019,2.1501
11/06/2019,2.1448
12/06/2019,2.1222
13/06/2019,2.0927
14/06/2019,2.0839
17/06/2019,2.0907
18/06/2019,2.0578
19/06/2019,2.0285
20/06/2019,2.0232
21/06/2019,2.0591
24/06/2019,2.0177
25/06/2019,1.9884
26/06/2019,2.0503
27/06/2019,2.014
28/06/2019,2.0068
01/07/2019,2.0326
02/07/2019,1.9757
03/07/2019,1.9532
03/07/2019,1.9532
05/07/2019,2.039
08/07/2019,2.0476
09/07/2019,2.0718
10/07/2019,2.0613
11/07/2019,2.1431
12/07/2019,2.1237
15/07/2019,2.0904
16/07/2019,2.1061
17/07/2019,2.0434
18/07/2019,2.0259
19/07/2019,2.0569
22/07/2019,2.0499
23/07/2019,2.0777
24/07/2019,2.0497
25/07/2019,2.0828
26/07/2019,2.0738
29/07/2019,2.0633
30/07/2019,2.0597
31/07/2019,2.0075
01/08/2019,1.9021
02/08/2019,1.8434
05/08/2019,1.7176
06/08/2019,1.7158
07/08/2019,1.7207
08/08/2019,1.7189
09/08/2019,1.7447
12/08/2019,1.6403
13/08/2019,1.7018
14/08/2019,1.5826
15/08/2019,1.5017
16/08/2019,1.5623
19/08/2019,1.608
20/08/2019,1.5521
21/08/2019,1.591
22/08/2019,1.6131
23/08/2019,1.5334
26/08/2019,1.5384
27/08/2019,1.4744
28/08/2019,1.4677
29/08/2019,1.4962
30/08/2019,1.4994
30/08/2019,1.4994
03/09/2019,1.4624
04/09/2019,1.4707
05/09/2019,1.5653
06/09/2019,1.5602
09/09/2019,1.6472
10/09/2019,1.7437
11/09/2019,1.7455
12/09/2019,1.7785
13/09/2019,1.9011
16/09/2019,1.8432
17/09/2019,1.81
18/09/2019,1.7996
19/09/2019,1.7874
20/09/2019,1.7215
23/09/2019,1.7233
24/09/2019,1.6524
25/09/2019,1.7372
26/09/2019,1.6973
27/09/2019,1.687
30/09/2019,1.668
01/10/2019,1.6352
02/10/2019,1.6009
03/10/2019,1.5341
04/10/2019,1.529
07/10/2019,1.5648
08/10/2019,1.5323
09/10/2019,1.5871
10/10/2019,1.6698
11/10/2019,1.7342
11/10/2019,1.7342
15/10/2019,1.771
16/10/2019,1.7447
17/10/2019,1.75
18/10/2019,1.7536
21/10/2019,1.8028
22/10/2019,1.7677
23/10/2019,1.7677
24/10/2019,1.7713
25/10/2019,1.7995
28/10/2019,1.8455
29/10/2019,1.8367
30/10/2019,1.775
31/10/2019,1.6875
01/11/2019,1.7138
04/11/2019,1.7805
05/11/2019,1.8566
06/11/2019,1.8301
07/11/2019,1.9295
08/11/2019,1.9451
08/11/2019,1.9451
12/11/2019,1.9277
13/11/2019,1.8912
14/11/2019,1.8221
15/11/2019,1.8359
18/11/2019,1.8152
19/11/2019,1.786
20/11/2019,1.7466
21/11/2019,1.7757
22/11/2019,1.7706
25/11/2019,1.7517
26/11/2019,1.7414
27/11/2019,1.7671
27/11/2019,1.7671
29/11/2019,1.774
02/12/2019,1.8224
03/12/2019,1.7174
04/12/2019,1.7775
05/12/2019,1.8086
06/12/2019,1.8433
09/12/2019,1.8208
10/12/2019,1.8416
11/12/2019,1.7931
12/12/2019,1.8957
13/12/2019,1.8243
16/12/2019,1.8731
17/12/2019,1.8749
18/12/2019,1.9222
19/12/2019,1.9222
20/12/2019,1.9188
23/12/2019,1.9276
24/12/2019,1.9031
24/12/2019,1.9031
26/12/2019,1.8944
27/12/2019,1.877
30/12/2019,1.8858
31/12/2019,1.9192
31/12/2019,1.9192
02/01/2020,1.8771
03/01/2020,1.7933
06/01/2020,1.809
07/01/2020,1.8108
08/01/2020,1.8738
09/01/2020,1.8545
10/01/2020,1.8196
13/01/2020,1.8476
14/01/2020,1.8126
15/01/2020,1.7864
16/01/2020,1.8091
17/01/2020,1.825
17/01/2020,1.825
21/01/2020,1.7743
22/01/2020,1.7691
23/01/2020,1.7308
24/01/2020,1.6857
27/01/2020,1.6132
28/01/2020,1.6614
29/01/2020,1.5805
30/01/2020,1.5907
31/01/2020,1.5051
03/02/2020,1.5255
04/02/2020,1.6026
05/02/2020,1.6491
06/02/2020,1.6439
07/02/2020,1.5817
10/02/2020,1.5628
11/02/2020,1.6023
12/02/2020,1.6368
13/02/2020,1.619
14/02/2020,1.5883
14/02/2020,1.5883
18/02/2020,1.5593
19/02/2020,1.5678
20/02/2020,1.5186
21/02/2020,1.4729
24/02/2020,1.3705
25/02/2020,1.3554
26/02/2020,1.3354
27/02/2020,1.2739
28/02/2020,1.1633
02/03/2020,1.1518
03/03/2020,0.999
04/03/2020,1.0554
05/03/2020,0.9168
06/03/2020,0.7733
09/03/2020,0.5593
10/03/2020,0.7998
11/03/2020,0.8775
12/03/2020,0.8121
13/03/2020,0.9829
16/03/2020,0.7402
17/03/2020,1.0686
18/03/2020,1.1833
19/03/2020,1.1585
20/03/2020,0.8853
23/03/2020,0.7626
24/03/2020,0.8578
25/03/2020,0.8688
26/03/2020,0.8479
27/03/2020,0.6762
30/03/2020,0.7264
31/03/2020,0.6679
01/04/2020,0.6019
02/04/2020,0.6111
03/04/2020,0.5994
06/04/2020,0.6777
07/04/2020,0.7264
08/04/2020,0.7706
09/04/2020,0.7286
09/04/2020,0.7286
13/04/2020,0.7697
14/04/2020,0.7504
15/04/2020,0.6348
16/04/2020,0.6173
17/04/2020,0.6417
20/04/2020,0.6163
21/04/2020,0.5659
22/04/2020,0.6175
23/04/2020,0.6031
24/04/2020,0.6055
27/04/2020,0.6637
28/04/2020,0.6161
29/04/2020,0.6285
30/04/2020,0.6456
01/05/2020,0.6181
04/05/2020,0.6305
05/05/2020,0.6619
06/05/2020,0.7094
07/05/2020,0.6393
08/05/2020,0.6847
11/05/2020,0.7067
12/05/2020,0.6667
13/05/2020,0.6541
14/05/2020,0.6169
15/05/2020,0.6444
18/05/2020,0.7257
19/05/2020,0.6915
20/05/2020,0.6899
21/05/2020,0.6801
22/05/2020,0.6574
22/05/2020,0.6574
26/05/2020,0.6949
27/05/2020,0.6949
28/05/2020,0.6966
29/05/2020,0.6526
01/06/2020,0.6673
02/06/2020,0.6868
03/06/2020,0.7458
04/06/2020,0.8251
05/06/2020,0.8935
08/06/2020,0.8785
09/06/2020,0.8237
10/06/2020,0.7362
11/06/2020,0.6657
12/06/2020,0.71
15/06/2020,0.7199
16/06/2020,0.7413
17/06/2020,0.7331
18/06/2020,0.7068
19/06/2020,0.6937
22/06/2020,0.7102
23/06/2020,0.7151
24/06/2020,0.679
25/06/2020,0.6823
26/06/2020,0.6397
29/06/2020,0.6266
30/06/2020,0.6577
01/07/2020,0.6758
02/07/2020,0.6693
02/07/2020,0.6693
06/07/2020,0.6775
07/07/2020,0.6397
08/07/2020,0.666
09/07/2020,0.6135
10/07/2020,0.643
13/07/2020,0.6184
14/07/2020,0.625
15/07/2020,0.6332
16/07/2020,0.6184
17/07/2020,0.6233
20/07/2020,0.6135
21/07/2020,0.6053
22/07/2020,0.6004
23/07/2020,0.5774
24/07/2020,0.5872
27/07/2020,0.6151
28/07/2020,0.579
29/07/2020,0.5773
30/07/2020,0.5446
31/07/2020,0.5331
03/08/2020,0.5543
04/08/2020,0.5118
05/08/2020,0.5494
06/08/2020,0.5379
07/08/2020,0.5657
10/08/2020,0.5805
11/08/2020,0.6432
12/08/2020,0.6731
13/08/2020,0.7175
14/08/2020,0.7094
17/08/2020,0.6915
18/08/2020,0.6704
19/08/2020,0.685
20/08/2020,0.6525
21/08/2020,0.6363
24/08/2020,0.6542
25/08/2020,0.6883
26/08/2020,0.6884
27/08/2020,0.7538
28/08/2020,0.7244
31/08/2020,0.7064
01/09/2020,0.6721
02/09/2020,0.6477
03/09/2020,0.6364
04/09/2020,0.7213
04/09/2020,0.7213
08/09/2020,0.682
09/09/2020,0.6984
10/09/2020,0.6821
11/09/2020,0.669
14/09/2020,0.6756
15/09/2020,0.6805
16/09/2020,0.6985
17/09/2020,0.6887
18/09/2020,0.697
21/09/2020,0.6691
22/09/2020,0.6708
23/09/2020,0.6773
24/09/2020,0.6675
25/09/2020,0.6561
28/09/2020,0.6577
29/09/2020,0.6512
30/09/2020,0.6857
01/10/2020,0.6791
02/10/2020,0.7038
05/10/2020,0.7784
06/10/2020,0.7336
07/10/2020,0.7835
08/10/2020,0.7785
09/10/2020,0.7787
09/10/2020,0.7787
13/10/2020,0.7289
14/10/2020,0.7272
15/10/2020,0.7389
16/10/2020,0.7489
19/10/2020,0.7723
20/10/2020,0.7857
21/10/2020,0.8209
22/10/2020,0.8613
23/10/2020,0.8413
26/10/2020,0.8027
27/10/2020,0.7709
28/10/2020,0.7743
29/10/2020,0.8314
30/10/2020,0.8737
02/11/2020,0.8518
03/11/2020,0.8959
04/11/2020,0.7713
05/11/2020,0.7663
06/11/2020,0.8201
09/11/2020,0.9235
10/11/2020,0.9595
10/11/2020,0.9595
12/11/2020,0.8832
13/11/2020,0.8979
16/11/2020,0.9111
17/11/2020,0.8619
18/11/2020,0.8701
19/11/2020,0.8423
20/11/2020,0.8243
23/11/2020,0.8586
24/11/2020,0.8848
25/11/2020,0.8816
25/11/2020,0.8816
27/11/2020,0.8422
30/11/2020,0.8422
01/12/2020,0.9293
02/12/2020,0.9376
03/12/2020,0.9112
04/12/2020,0.9725
07/12/2020,0.9278
08/12/2020,0.9212
09/12/2020,0.9377
10/12/2020,0.9063
11/12/2020,0.8964
14/12/2020,0.8981
15/12/2020,0.9113
16/12/2020,0.9196
17/12/2020,0.9346
18/12/2020,0.9446
21/12/2020,0.9379
22/12/2020,0.9213
23/12/2020,0.9446
24/12/2020,0.9264
24/12/2020,0.9264
28/12/2020,0.9231
29/12/2020,0.9397
30/12/2020,0.9264
31/12/2020,0.9165
31/12/2020,0.9165
04/01/2021,0.9182
05/01/2021,0.9549
06/01/2021,1.0389
07/01/2021,1.0812
08/01/2021,1.1187
11/01/2021,1.1443
12/01/2021,1.1291
13/01/2021,1.0917
14/01/2021,1.1292
15/01/2021,1.0869
15/01/2021,1.0869
19/01/2021,1.092
20/01/2021,1.0768
21/01/2021,1.1092
22/01/2021,1.0855
25/01/2021,1.0329
26/01/2021,1.033
27/01/2021,1.0127
28/01/2021,1.0517
29/01/2021,1.0706
01/02/2021,1.0791
02/02/2021,1.0946
03/02/2021,1.1391
04/02/2021,1.1358
05/02/2021,1.1687
08/02/2021,1.1757
09/02/2021,1.1602
10/02/2021,1.1242
11/02/2021,1.1648
12/02/2021,1.2099
12/02/2021,1.2099
16/02/2021,1.3107
17/02/2021,1.2821
18/02/2021,1.2973
19/02/2021,1.3397
22/02/2021,1.3687
23/02/2021,1.3432
24/02/2021,1.3722
25/02/2021,1.5303
26/02/2021,1.4066
01/03/2021,1.4255
02/03/2021,1.3982
03/03/2021,1.4842
04/03/2021,1.5571
05/03/2021,1.5766
08/03/2021,1.6029
09/03/2021,1.5281
10/03/2021,1.5212
11/03/2021,1.5352
12/03/2021,1.6247
15/03/2021,1.6073
16/03/2021,1.6214
17/03/2021,1.6462
18/03/2021,1.7064
19/03/2021,1.7299
22/03/2021,1.6946
23/03/2021,1.6223
24/03/2021,1.6137
25/03/2021,1.6332
26/03/2021,1.6742
29/03/2021,1.717
30/03/2021,1.71
31/03/2021,1.744
01/04/2021,1.6735
02/04/2021,1.673
05/04/2021,1.7074
06/04/2021,1.6578
07/04/2021,1.6792
08/04/2021,1.6262
09/04/2021,1.662
12/04/2021,1.6693
13/04/2021,1.6198
14/04/2021,1.6341
15/04/2021,1.5742
16/04/2021,1.5904
19/04/2021,1.61
20/04/2021,1.566
21/04/2021,1.559
22/04/2021,1.5416
23/04/2021,1.5595
26/04/2021,1.5684
27/04/2021,1.6252
28/04/2021,1.6111
29/04/2021,1.6415
30/04/2021,1.6259
03/05/2021,1.5994
04/05/2021,1.5906
05/05/2021,1.5713
06/05/2021,1.5696
07/05/2021,1.5788
10/05/2021,1.6038
11/05/2021,1.6217
12/05/2021,1.6934
13/05/2021,1.6591
14/05/2021,1.6352
17/05/2021,1.6522
18/05/2021,1.6403
19/05/2021,1.6762
20/05/2021,1.6284
21/05/2021,1.6233
24/05/2021,1.6029
25/05/2021,1.5604
26/05/2021,1.5808
27/05/2021,1.6062
28/05/2021,1.5807
28/05/2021,1.5807
01/06/2021,1.6062
02/06/2021,1.5892
03/06/2021,1.625
04/06/2021,1.5568
07/06/2021,1.5687
08/06/2021,1.5381
09/06/2021,1.4924
10/06/2021,1.4369
11/06/2021,1.4535
14/06/2021,1.4973
15/06/2021,1.4889
16/06/2021,1.5805
17/06/2021,1.5108
18/06/2021,1.4431
21/06/2021,1.4971
22/06/2021,1.4666
23/06/2021,1.4852
24/06/2021,1.4987
25/06/2021,1.5241
28/06/2021,1.4816
29/06/2021,1.4748
30/06/2021,1.468
01/07/2021,1.4595
02/07/2021,1.4306
02/07/2021,1.4306
06/07/2021,1.3515
07/07/2021,1.3229
08/07/2021,1.2945
09/07/2021,1.3612
12/07/2021,1.3678
13/07/2021,1.4183
14/07/2021,1.3492
15/07/2021,1.3006
16/07/2021,1.3003
19/07/2021,1.1987
20/07/2021,1.2218
21/07/2021,1.2917
22/07/2021,1.2766
23/07/2021,1.2813
26/07/2021,1.2946
27/07/2021,1.2394
28/07/2021,1.2377
29/07/2021,1.2659
30/07/2021,1.2256
02/08/2021,1.1789
03/08/2021,1.1738
04/08/2021,1.1804
05/08/2021,1.2252
06/08/2021,1.3053
09/08/2021,1.3254
10/08/2021,1.3541
11/08/2021,1.3354
12/08/2021,1.3607
13/08/2021,1.2834
16/08/2021,1.2684
17/08/2021,1.2667
18/08/2021,1.26
19/08/2021,1.2433
20/08/2021,1.255
23/08/2021,1.2533
24/08/2021,1.2969
25/08/2021,1.3491
26/08/2021,1.3542
27/08/2021,1.3104
30/08/2021,1.2802
31/08/2021,1.3071
01/09/2021,1.2987
02/09/2021,1.2852
03/09/2021,1.3257
03/09/2021,1.3257
07/09/2021,1.3766
08/09/2021,1.3359
09/09/2021,1.2971
10/09/2021,1.3428
13/09/2021,1.3259
14/09/2021,1.2836
15/09/2021,1.3039
16/09/2021,1.3361
17/09/2021,1.3633
20/09/2021,1.3124
21/09/2021,1.3277
22/09/2021,1.304
23/09/2021,1.4353
24/09/2021,1.4526
27/09/2021,1.4906
28/09/2021,1.5461
29/09/2021,1.5236
30/09/2021,1.4925
01/10/2021,1.465
04/10/2021,1.4806
05/10/2021,1.5275
06/10/2021,1.5276
07/10/2021,1.5764
08/10/2021,1.6118
08/10/2021,1.6118
12/10/2021,1.5716
13/10/2021,1.542
14/10/2021,1.516
15/10/2021,1.5738
18/10/2021,1.5914
19/10/2021,1.6407
20/10/2021,1.6602
21/10/2021,1.6958
22/10/2021,1.6377
25/10/2021,1.6325
26/10/2021,1.6097
27/10/2021,1.5501
28/10/2021,1.5782
29/10/2021,1.5609
01/11/2021,1.561
02/11/2021,1.547
03/11/2021,1.6034
04/11/2021,1.5297
05/11/2021,1.4548
08/11/2021,1.4932
09/11/2021,1.4393
10/11/2021,1.5699
10/11/2021,1.5699
12/11/2021,1.5699
15/11/2021,1.618
16/11/2021,1.6404
17/11/2021,1.5854
18/11/2021,1.5872
19/11/2021,1.5479
22/11/2021,1.6322
23/11/2021,1.6755
24/11/2021,1.6427
24/11/2021,1.6427
26/11/2021,1.4816
29/11/2021,1.5021
30/11/2021,1.4562
01/12/2021,1.4037
02/12/2021,1.4443
03/12/2021,1.3564
06/12/2021,1.4325
07/12/2021,1.4819
08/12/2021,1.5281
09/12/2021,1.4973
10/12/2021,1.482
13/12/2021,1.4139
14/12/2021,1.4411
15/12/2021,1.4582
16/12/2021,1.4241
17/12/2021,1.4072
20/12/2021,1.4276
21/12/2021,1.4668
22/12/2021,1.4532
23/12/2021,1.4926
23/12/2021,1.4926
27/12/2021,1.4773
28/12/2021,1.4842
29/12/2021,1.5565
30/12/2021,1.5065
31/12/2021,1.5118
03/01/2022,1.6367
04/01/2022,1.649
05/01/2022,1.6999
06/01/2022,1.7281
07/01/2022,1.7655
10/01/2022,1.755
11/01/2022,1.7463
12/01/2022,1.7517
13/01/2022,1.7006
14/01/2022,1.793
14/01/2022,1.793
18/01/2022,1.8753
19/01/2022,1.8539
20/01/2022,1.8111
21/01/2022,1.7705
24/01/2022,1.7759
25/01/2022,1.776
26/01/2022,1.8727
27/01/2022,1.803
28/01/2022,1.7784
31/01/2022,1.7838
01/02/2022,1.7946
02/02/2022,1.7715
03/02/2022,1.836
04/02/2022,1.9157
07/02/2022,1.9195
08/02/2022,1.965
09/02/2022,1.9452
10/02/2022,2.0433
11/02/2022,1.9181
14/02/2022,1.9858
15/02/2022,2.0434
16/02/2022,2.0399
17/02/2022,1.9684
18/02/2022,1.9268
18/02/2022,1.9268
22/02/2022,1.9442
23/02/2022,1.9982
24/02/2022,1.9703
25/02/2022,1.9704
28/02/2022,1.8216
01/03/2022,1.7156
02/03/2022,1.8784
03/03/2022,1.8405
04/03/2022,1.7375
07/03/2022,1.7768
08/03/2022,1.8404
09/03/2022,1.9514
10/03/2022,1.9934
11/03/2022,1.997
14/03/2022,2.1419
15/03/2022,2.1491
16/03/2022,2.192
17/03/2022,2.167
18/03/2022,2.153
21/03/2022,2.2969
22/03/2022,2.3807
23/03/2022,2.2898
24/03/2022,2.3699
25/03/2022,2.4879
28/03/2022,2.4659
29/03/2022,2.398
30/03/2022,2.3579
31/03/2022,2.3452
01/04/2022,2.3895
04/04/2022,2.3933
05/04/2022,2.5543
06/04/2022,2.5975
07/04/2022,2.6654
08/04/2022,2.7038
11/04/2022,2.7743
12/04/2022,2.727
13/04/2022,2.7025
14/04/2022,2.8275
14/04/2022,2.8275
18/04/2022,2.8566
19/04/2022,2.94
20/04/2022,2.834
21/04/2022,2.9076
22/04/2022,2.9045
25/04/2022,2.8179
26/04/2022,2.7281
27/04/2022,2.826
28/04/2022,2.8321
29/04/2022,2.9375
02/05/2022,2.9768
03/05/2022,2.979
04/05/2022,2.9461
05/05/2022,3.0346
06/05/2022,3.1424
09/05/2022,3.0338
10/05/2022,2.9889
11/05/2022,2.9246
12/05/2022,2.8551
13/05/2022,2.9276
16/05/2022,2.8858
17/05/2022,2.9952
18/05/2022,2.884
19/05/2022,2.837
20/05/2022,2.7883
23/05/2022,2.8605
24/05/2022,2.7542
25/05/2022,2.7506
26/05/2022,2.7416
27/05/2022,2.7432
27/05/2022,2.7432
31/05/2022,2.8495
01/06/2022,2.9113
02/06/2022,2.9131
03/06/2022,2.9405
06/06/2022,3.0399
07/06/2022,2.9791
08/06/2022,3.027
09/06/2022,3.0455
10/06/2022,3.1649
13/06/2022,3.3617
14/06/2022,3.4791
15/06/2022,3.2915
16/06/2022,3.1952
17/06/2022,3.2313
17/06/2022,3.2313
21/06/2022,3.2787
22/06/2022,3.1599
23/06/2022,3.0888
24/06/2022,3.1376
27/06/2022,3.2016
28/06/2022,3.1772
29/06/2022,3.0873
30/06/2022,3.0166
01/07/2022,2.8894
01/07/2022,2.8894
05/07/2022,2.8181
06/07/2022,2.9335
07/07/2022,3.0001
08/07/2022,3.0803
11/07/2022,2.9928
12/07/2022,2.9706
13/07/2022,2.9355
14/07/2022,2.9576
15/07/2022,2.9281
18/07/2022,2.9892
19/07/2022,3.0284
20/07/2022,3.0303
21/07/2022,2.8821
22/07/2022,2.754
25/07/2022,2.8069
26/07/2022,2.8032
27/07/2022,2.7849
28/07/2022,2.6705
29/07/2022,2.6577
01/08/2022,2.5875
02/08/2022,2.7483
03/08/2022,2.7064
04/08/2022,2.6937
05/08/2022,2.8268
08/08/2022,2.7499
09/08/2022,2.7791
10/08/2022,2.7846
11/08/2022,2.8894
12/08/2022,2.8421
15/08/2022,2.7932
16/08/2022,2.8077
17/08/2022,2.9022
18/08/2022,2.8859
19/08/2022,2.9758
22/08/2022,3.0238
23/08/2022,3.0572
24/08/2022,3.1095
25/08/2022,3.0314
26/08/2022,3.0297
29/08/2022,3.1136
30/08/2022,3.1118
31/08/2022,3.1964
01/09/2022,3.259
02/09/2022,3.195
02/09/2022,3.195
06/09/2022,3.3512
07/09/2022,3.2673
08/09/2022,3.3227
09/09/2022,3.3154
12/09/2022,3.3577
13/09/2022,3.4118
14/09/2022,3.4043
15/09/2022,3.4489
16/09/2022,3.4553
19/09/2022,3.4944
20/09/2022,3.5689
21/09/2022,3.5338
22/09/2022,3.7098
23/09/2022,3.6866
26/09/2022,3.9285
27/09/2022,3.9492
28/09/2022,3.7372
29/09/2022,3.7815
30/09/2022,3.8286
03/10/2022,3.6426
04/10/2022,3.6349
05/10/2022,3.7548
06/10/2022,3.8276
07/10/2022,3.8875
07/10/2022,3.8875
11/10/2022,3.945
12/10/2022,3.9023
13/10/2022,3.9496
14/10/2022,4.0225
17/10/2022,4.0125
18/10/2022,4.0066
19/10/2022,4.1377
20/10/2022,4.2325
21/10/2022,4.2188
24/10/2022,4.2466
25/10/2022,4.1
26/10/2022,4.0069
27/10/2022,3.9269
28/10/2022,4.0102
31/10/2022,4.0499
01/11/2022,4.0481
02/11/2022,4.0963
03/11/2022,4.149
04/11/2022,4.1626
07/11/2022,4.2177
08/11/2022,4.1276
09/11/2022,4.0986
10/11/2022,3.8106
10/11/2022,3.8106
14/11/2022,3.863
15/11/2022,3.777
16/11/2022,3.6899
17/11/2022,3.7694
18/11/2022,3.8288
21/11/2022,3.84
22/11/2022,3.7578
23/11/2022,3.689
23/11/2022,3.689
25/11/2022,3.6905
28/11/2022,3.6793
29/11/2022,3.7497
30/11/2022,3.6109
01/12/2022,3.5103
02/12/2022,3.4916
05/12/2022,3.5828
06/12/2022,3.5314
07/12/2022,3.4205
08/12/2022,3.4892
09/12/2022,3.5856
12/12/2022,3.6168
13/12/2022,3.5012
14/12/2022,3.4792
15/12/2022,3.45
16/12/2022,3.4877
19/12/2022,3.5901
20/12/2022,3.6918
21/12/2022,3.6731
22/12/2022,3.686
23/12/2022,3.7509
23/12/2022,3.7509
27/12/2022,3.8487
28/12/2022,3.8865
29/12/2022,3.8202
30/12/2022,3.8786
30/12/2022,3.8786
03/01/2023,3.752
04/01/2023,3.6902
05/01/2023,3.7219
06/01/2023,3.5599
09/01/2023,3.5266
10/01/2023,3.6151
11/01/2023,3.5429
12/01/2023,3.4437
13/01/2023,3.498
13/01/2023,3.498
17/01/2023,3.5494
18/01/2023,3.3734
19/01/2023,3.3987
20/01/2023,3.4824
23/01/2023,3.5209
24/01/2023,3.4546
25/01/2023,3.4507
26/01/2023,3.5057
27/01/2023,3.5071
30/01/2023,3.5421
31/01/2023,3.5105
01/02/2023,3.4166
02/02/2023,3.4018
03/02/2023,3.5191
06/02/2023,3.6436
07/02/2023,3.6792
08/02/2023,3.6154
09/02/2023,3.6636
10/02/2023,3.7435
13/02/2023,3.7035
14/02/2023,3.753
15/02/2023,3.8029
16/02/2023,3.8628
17/02/2023,3.8167
17/02/2023,3.8167
21/02/2023,3.9545
22/02/2023,3.9273
23/02/2023,3.8904
24/02/2023,3.9471
27/02/2023,3.9219
28/02/2023,3.9278
01/03/2023,3.9944
02/03/2023,4.0616
03/03/2023,3.9576
06/03/2023,3.9636
07/03/2023,3.9696
08/03/2023,3.9893
09/03/2023,3.9071
10/03/2023,3.7045
13/03/2023,3.5449
14/03/2023,3.6854
15/03/2023,3.4623
16/03/2023,3.5789
17/03/2023,3.4379
20/03/2023,3.4828
21/03/2023,3.6075
22/03/2023,3.4509
23/03/2023,3.4135
24/03/2023,3.3725
27/03/2023,3.5393
28/03/2023,3.5715
29/03/2023,3.5658
30/03/2023,3.5469
31/03/2023,3.4733
03/04/2023,3.4151
04/04/2023,3.3386
05/04/2023,3.3089
06/04/2023,3.3032
07/04/2023,3.4131
10/04/2023,3.4149
11/04/2023,3.4318
12/04/2023,3.3999
13/04/2023,3.4487
14/04/2023,3.5147
17/04/2023,3.6061
18/04/2023,3.5775
19/04/2023,3.5908
20/04/2023,3.5356
21/04/2023,3.568
24/04/2023,3.4958
25/04/2023,3.3996
26/04/2023,3.4447
27/04/2023,3.5281
28/04/2023,3.4333
01/05/2023,3.57
02/05/2023,3.4333
03/05/2023,3.3637
04/05/2023,3.3768
05/05/2023,3.4351
08/05/2023,3.5072
09/05/2023,3.5224
10/05/2023,3.4388
11/05/2023,3.3861
12/05/2023,3.4625
15/05/2023,3.5075
16/05/2023,3.5414
17/05/2023,3.5716
18/05/2023,3.6514
19/05/2023,3.6822
22/05/2023,3.7187
23/05/2023,3.6976
24/05/2023,3.7438
25/05/2023,3.8232
26/05/2023,3.81
26/05/2023,3.81
30/05/2023,3.6942
31/05/2023,3.6464
01/06/2023,3.6007
02/06/2023,3.6984
05/06/2023,3.6889
06/06/2023,3.6774
07/06/2023,3.7933
08/06/2023,3.7179
09/06/2023,3.7433
12/06/2023,3.7433
13/06/2023,3.8269
14/06/2023,3.79
15/06/2023,3.7204
16/06/2023,3.7672
16/06/2023,3.7672
20/06/2023,3.7188
21/06/2023,3.7266
22/06/2023,3.7966
23/06/2023,3.7366
26/06/2023,3.7231
27/06/2023,3.7717
28/06/2023,3.7136
29/06/2023,3.8422
30/06/2023,3.8406
03/07/2023,3.8584
03/07/2023,3.8584
05/07/2023,3.9335
06/07/2023,4.0311
07/07/2023,4.0656
10/07/2023,3.9998
11/07/2023,3.978
12/07/2023,3.8613
13/07/2023,3.7673
14/07/2023,3.8302
17/07/2023,3.8087
18/07/2023,3.7892
19/07/2023,3.7483
20/07/2023,3.8562
21/07/2023,3.8369
24/07/2023,3.8784
25/07/2023,3.8904
26/07/2023,3.8727
27/07/2023,4.0022
28/07/2023,3.9566
31/07/2023,3.9668
01/08/2023,4.0371
02/08/2023,4.0896
03/08/2023,4.1792
04/08/2023,4.0418
07/08/2023,4.0966
08/08/2023,4.0281
09/08/2023,4.0161
10/08/2023,4.1074
11/08/2023,4.1581
14/08/2023,4.2011
15/08/2023,4.2188
16/08/2023,4.2583
17/08/2023,4.284
18/08/2023,4.2507
21/08/2023,4.3419
22/08/2023,4.332
23/08/2023,4.1958
24/08/2023,4.2411
25/08/2023,4.2314
28/08/2023,4.2059
29/08/2023,4.1198
30/08/2023,4.112
31/08/2023,4.1062
01/09/2023,4.1808
01/09/2023,4.1808
05/09/2023,4.2657
06/09/2023,4.2956
07/09/2023,4.25
08/09/2023,4.2601
11/09/2023,4.294
12/09/2023,4.2801
13/09/2023,4.2544
14/09/2023,4.2863
15/09/2023,4.3364
18/09/2023,4.3026
19/09/2023,4.3647
20/09/2023,4.3989
21/09/2023,4.4941
22/09/2023,4.4377
25/09/2023,4.5314
26/09/2023,4.5499
27/09/2023,4.6075
28/09/2023,4.5789
29/09/2023,4.5793
02/10/2023,4.6847
03/10/2023,4.7955
04/10/2023,4.735
05/10/2023,4.7206
06/10/2023,4.7946
06/10/2023,4.7946
10/10/2023,4.6571
11/10/2023,4.5582
12/10/2023,4.6969
13/10/2023,4.6165
16/10/2023,4.6997
17/10/2023,4.8362
18/10/2023,4.9106
19/10/2023,4.9898
20/10/2023,4.9137
23/10/2023,4.8481
24/10/2023,4.8187
25/10/2023,4.9613
26/10/2023,4.8487
27/10/2023,4.8452
30/10/2023,4.8878
31/10/2023,4.9264
01/11/2023,4.7341
02/11/2023,4.6611
03/11/2023,4.5765
06/11/2023,4.6472
07/11/2023,4.5686
08/11/2023,4.4925
09/11/2023,4.632
10/11/2023,4.6459
13/11/2023,4.6379
14/11/2023,4.4531
15/11/2023,4.5373
16/11/2023,4.4414
17/11/2023,4.4393
20/11/2023,4.4257
21/11/2023,4.3984
22/11/2023,4.4081
22/11/2023,4.4081
24/11/2023,4.4724
27/11/2023,4.3904
28/11/2023,4.3245
29/11/2023,4.259
30/11/2023,4.3302
01/12/2023,4.2089
04/12/2023,4.2587
05/12/2023,4.1668
06/12/2023,4.1135
07/12/2023,4.1476
08/12/2023,4.2295
11/12/2023,4.2371
12/12/2023,4.2102
13/12/2023,4.0239
14/12/2023,3.9208
15/12/2023,3.9148
18/12/2023,3.9351
19/12/2023,3.9313
20/12/2023,3.8529
21/12/2023,3.8918
22/12/2023,3.9006
22/12/2023,3.9006
26/12/2023,3.8967
27/12/2023,3.7889
28/12/2023,3.8461
29/12/2023,3.866
29/12/2023,3.866
02/01/2024,3.9406
03/01/2024,3.9199
04/01/2024,4.0025
05/01/2024,4.0514
08/01/2024,4.0267
09/01/2024,4.0152
10/01/2024,4.0302
11/01/2024,3.9753
12/01/2024,3.939
12/01/2024,3.939
16/01/2024,4.0543
17/01/2024,4.1057
18/01/2024,4.142
19/01/2024,4.1302
22/01/2024,4.1072
23/01/2024,4.132
24/01/2024,4.18
25/01/2024,4.1203
26/01/2024,4.1393
29/01/2024,4.0759
30/01/2024,4.0357
31/01/2024,3.918
01/02/2024,3.8821
02/02/2024,4.0237
05/02/2024,4.1617
06/02/2024,4.0904
07/02/2024,4.1153
08/02/2024,4.1579
09/02/2024,4.1773
12/02/2024,4.1793
13/02/2024,4.3261
14/02/2024,4.2613
15/02/2024,4.2339
16/02/2024,4.2811
16/02/2024,4.2811
20/02/2024,4.2753
21/02/2024,4.3187
22/02/2024,4.3306
23/02/2024,4.248
26/02/2024,4.2815
27/02/2024,4.3032
28/02/2024,4.2658
29/02/2024,4.2541
01/03/2024,4.1856
04/03/2024,4.217
05/03/2024,4.1506
06/03/2024,4.1078
07/03/2024,4.0885
08/03/2024,4.0769
11/03/2024,4.0982
12/03/2024,4.1507
13/03/2024,4.1879
14/03/2024,4.2922
15/03/2024,4.3083
18/03/2024,4.3282
19/03/2024,4.2925
20/03/2024,4.2767
21/03/2024,4.2689
22/03/2024,4.202
25/03/2024,4.2493
26/03/2024,4.2375
27/03/2024,4.1884
28/03/2024,4.2062
28/03/2024,4.2062
01/04/2024,4.3171
02/04/2024,4.3531
03/04/2024,4.3512
04/04/2024,4.3074
05/04/2024,4.3996
08/04/2024,4.4218
09/04/2024,4.3616
10/04/2024,4.5456
11/04/2024,4.5845
12/04/2024,4.5175
15/04/2024,4.6096
16/04/2024,4.6695
17/04/2024,4.5894
18/04/2024,4.6368
19/04/2024,4.6228
22/04/2024,4.6105
23/04/2024,4.6066
24/04/2024,4.6479
25/04/2024,4.704
26/04/2024,4.663
29/04/2024,4.6115
30/04/2024,4.6819
01/05/2024,4.6407
02/05/2024,4.5893
03/05/2024,4.4975
06/05/2024,4.4874
07/05/2024,4.461
08/05/2024,4.4999
09/05/2024,4.459
10/05/2024,4.5003
13/05/2024,4.4904
14/05/2024,4.4453
15/05/2024,4.3439
16/05/2024,4.3769
17/05/2024,4.4218
20/05/2024,4.4472
21/05/2024,4.412
22/05/2024,4.4257
23/05/2024,4.4787
24/05/2024,4.4669
24/05/2024,4.4669
28/05/2024,4.548
29/05/2024,4.6157
30/05/2024,4.55
31/05/2024,4.5025
03/06/2024,4.3923
04/06/2024,4.3298
05/06/2024,4.2774
06/06/2024,4.287
07/06/2024,4.4335
10/06/2024,4.471
11/06/2024,4.4021
12/06/2024,4.318
13/06/2024,4.2481
14/06/2024,4.2209
17/06/2024,4.2848
18/06/2024,4.2188
18/06/2024,4.2188
20/06/2024,4.2614
21/06/2024,4.2574
24/06/2024,4.2341
25/06/2024,4.2476
26/06/2024,4.3294
27/06/2024,4.2864
28/06/2024,4.3921
01/07/2024,4.4712
02/07/2024,4.4375
03/07/2024,4.3547
03/07/2024,4.3547
05/07/2024,4.2784
08/07/2024,4.2803
09/07/2024,4.2978
10/07/2024,4.2822
11/07/2024,4.2121
12/07/2024,4.1867
15/07/2024,4.2313
16/07/2024,4.1595
17/07/2024,4.1595
18/07/2024,4.2021
19/07/2024,4.2428
22/07/2024,4.2545
23/07/2024,4.2545
24/07/2024,4.2857
25/07/2024,4.2446
26/07/2024,4.1939
29/07/2024,4.1724
30/07/2024,4.1414
31/07/2024,4.0334
01/08/2024,3.9817
02/08/2024,3.7922
05/08/2024,3.779
06/08/2024,3.9014
07/08/2024,3.9526
08/08/2024,3.9896
09/08/2024,3.9398
12/08/2024,3.9073
13/08/2024,3.8465
14/08/2024,3.839
15/08/2024,3.9188
16/08/2024,3.8826
19/08/2024,3.8749
20/08/2024,3.8105
21/08/2024,3.7991
22/08/2024,3.8578
23/08/2024,3.7952
26/08/2024,3.8198
27/08/2024,3.8292
28/08/2024,3.8387
29/08/2024,3.8634
30/08/2024,3.9092
30/08/2024,3.9092
03/09/2024,3.831
04/09/2024,3.7571
05/09/2024,3.725
06/09/2024,3.7155
09/09/2024,3.7023
10/09/2024,3.6404
11/09/2024,3.6609
12/09/2024,3.6796
13/09/2024,3.657
16/09/2024,3.6176
17/09/2024,3.6475
18/09/2024,3.7132
19/09/2024,3.7188
20/09/2024,3.7413
23/09/2024,3.7508
24/09/2024,3.7318
25/09/2024,3.7906
26/09/2024,3.7963
27/09/2024,3.7506
30/09/2024,3.7866
01/10/2024,3.7315
02/10/2024,3.7828
03/10/2024,3.8458
04/10/2024,3.9691
07/10/2024,4.0275
08/10/2024,4.0139
09/10/2024,4.0745
10/10/2024,4.0667
11/10/2024,4.0963
11/10/2024,4.0963
15/10/2024,4.0336
16/10/2024,4.018
17/10/2024,4.0945
18/10/2024,4.0828
21/10/2024,4.1956
22/10/2024,4.2076
23/10/2024,4.2456
24/10/2024,4.2137
25/10/2024,4.2419
28/10/2024,4.2821
29/10/2024,4.2561
30/10/2024,4.3004
31/10/2024,4.2824
01/11/2024,4.3857
04/11/2024,4.2867
05/11/2024,4.2808
06/11/2024,4.4315
07/11/2024,4.3257
08/11/2024,4.3062
08/11/2024,4.3062
12/11/2024,4.4295
13/11/2024,4.4512
14/11/2024,4.4472
15/11/2024,4.4453
18/11/2024,4.4138
19/11/2024,4.3962
20/11/2024,4.4139
21/11/2024,4.4198
22/11/2024,4.412
25/11/2024,4.2751
26/11/2024,4.2945
27/11/2024,4.2614
27/11/2024,4.2614
29/11/2024,4.1782
02/12/2024,4.1955
03/12/2024,4.2265
04/12/2024,4.1839
05/12/2024,4.1781
06/12/2024,4.1491
09/12/2024,4.2012
10/12/2024,4.2283
11/12/2024,4.275
12/12/2024,4.3356
13/12/2024,4.3947
16/12/2024,4.4026
17/12/2024,4.3948
18/12/2024,4.52
19/12/2024,4.5662
20/12/2024,4.5302
23/12/2024,4.5885
24/12/2024,4.5907
24/12/2024,4.5907
26/12/2024,4.5847
27/12/2024,4.6314
30/12/2024,4.5327
31/12/2024,4.573
31/12/2024,4.573
02/01/2025,4.563
03/01/2025,4.6015
06/01/2025,4.6239
07/01/2025,4.685
08/01/2025,4.6932
09/01/2025,4.6893
10/01/2025,4.7633
13/01/2025,4.7902
14/01/2025,4.7945
15/01/2025,4.6551
16/01/2025,4.6125
17/01/2025,4.623
17/01/2025,4.623
21/01/2025,4.5744
22/01/2025,4.613
23/01/2025,4.6456
24/01/2025,4.6174
27/01/2025,4.5343
28/01/2025,4.5344
29/01/2025,4.5344
30/01/2025,4.5203
31/01/2025,4.5428
03/02/2025,4.553
04/02/2025,4.5126
05/02/2025,4.4241
06/02/2025,4.4362
07/02/2025,4.4947
10/02/2025,4.5008
11/02/2025,4.5373
12/02/2025,4.6269
13/02/2025,4.5327
14/02/2025,4.4782
14/02/2025,4.4782
18/02/2025,4.5523
19/02/2025,4.5346
20/02/2025,4.5072
21/02/2025,4.4313
24/02/2025,4.4003
25/02/2025,4.2983
26/02/2025,4.2562
27/02/2025,4.2657
28/02/2025,4.2025
03/03/2025,4.1589
04/03/2025,4.2423
05/03/2025,4.2804
06/03/2025,4.2803
07/03/2025,4.305
10/03/2025,4.2188
11/03/2025,4.2818
12/03/2025,4.3162
13/03/2025,4.2701
14/03/2025,4.3198
17/03/2025,4.2985
18/03/2025,4.285
19/03/2025,4.2466
20/03/2025,4.2408
21/03/2025,4.25
24/03/2025,4.3385
25/03/2025,4.3172
26/03/2025,4.3538
27/03/2025,4.3615
28/03/2025,4.2532
31/03/2025,4.211
01/04/2025,4.1613
02/04/2025,4.1269
03/04/2025,4.038
04/04/2025,3.9999
07/04/2025,4.2026
08/04/2025,4.291
09/04/2025,4.3276
10/04/2025,4.4249
11/04/2025,4.4974
14/04/2025,4.3837
15/04/2025,4.3408
16/04/2025,4.2806
17/04/2025,4.3327
17/04/2025,4.3327
21/04/2025,4.4165
22/04/2025,4.4008
23/04/2025,4.3851
24/04/2025,4.3149
25/04/2025,4.2546
28/04/2025,4.2063
29/04/2025,4.1716
30/04/2025,4.1677
01/05/2025,4.2157
02/05/2025,4.3083
05/05/2025,4.3492
06/05/2025,4.2985
07/05/2025,4.2694
08/05/2025,4.3804
09/05/2025,4.3824
12/05/2025,4.4729
13/05/2025,4.4709
14/05/2025,4.5423
15/05/2025,4.4315
16/05/2025,4.4454
19/05/2025,4.4493
20/05/2025,4.485
21/05/2025,4.5965
22/05/2025,4.5287
23/05/2025,4.509
23/05/2025,4.509
27/05/2025,4.4456
28/05/2025,4.4753
29/05/2025,4.4259
30/05/2025,4.3984
02/06/2025,4.4418
03/06/2025,4.4577
04/06/2025,4.3571
05/06/2025,4.3906
06/06/2025,4.5056
09/06/2025,4.4758
10/06/2025,4.4738
11/06/2025,4.4203
12/06/2025,4.3651
13/06/2025,4.4066
16/06/2025,4.4502
17/06/2025,4.3869
18/06/2025,4.3909
18/06/2025,4.3909
20/06/2025,4.3771
23/06/2025,4.3416
24/06/2025,4.2965
25/06/2025,4.2906
26/06/2025,4.2456
27/06/2025,4.2749
30/06/2025,4.2319
01/07/2025,4.2416
02/07/2025,4.2827
03/07/2025,4.3477
03/07/2025,4.3477
07/07/2025,4.3833
08/07/2025,4.4052
09/07/2025,4.3359
10/07/2025,4.3498
11/07/2025,4.4173
14/07/2025,4.4373
15/07/2025,4.4913
16/07/2025,4.4593
17/07/2025,4.4533
18/07/2025,4.4195
21/07/2025,4.3797
22/07/2025,4.346
23/07/2025,4.3837
24/07/2025,4.3997
25/07/2025,4.3858
28/07/2025,4.4138
29/07/2025,4.3243
30/07/2025,4.372
31/07/2025,4.382
01/08/2025,4.2159
04/08/2025,4.1943
05/08/2025,4.208
06/08/2025,4.2316
07/08/2025,4.2481
08/08/2025,4.2849
11/08/2025,4.2791
12/08/2025,4.2888
13/08/2025,4.2365
14/08/2025,4.2868
15/08/2025,4.3218
18/08/2025,4.3355
19/08/2025,4.3101
20/08/2025,4.2907
21/08/2025,4.3277
22/08/2025,4.2557
25/08/2025,4.277
26/08/2025,4.2654
27/08/2025,4.2382
28/08/2025,4.2053
29/08/2025,4.2323
29/08/2025,4.2323
02/09/2025,4.2653
03/09/2025,4.2187
04/09/2025,4.1607
05/09/2025,4.0761
08/09/2025,4.0398
09/09/2025,4.0856
10/09/2025,4.0454
11/09/2025,4.0263
12/09/2025,4.0681
15/09/2025,4.0375
16/09/2025,4.0298
17/09/2025,4.0872
18/09/2025,4.1102
19/09/2025,4.1332
22/09/2025,4.1467
23/09/2025,4.1061
24/09/2025,4.1485
25/09/2025,4.1756
26/09/2025,4.1736
29/09/2025,4.1406
30/09/2025,4.1542
01/10/2025,4.1
02/10/2025,4.0846
03/10/2025,4.1211
06/10/2025,4.1579
07/10/2025,4.1249
08/10/2025,4.1229
09/10/2025,4.1423
10/10/2025,4.0591
10/10/2025,4.0591
14/10/2025,4.0321
15/10/2025,4.0282
16/10/2025,3.9745
17/10/2025,4.0107
20/10/2025,3.9819
21/10/2025,3.9627
22/10/2025,3.9531
23/10/2025,4.0047
24/10/2025,4.0026
27/10/2025,3.9872
28/10/2025,3.9776
29/10/2025,4.0757
30/10/2025,4.097
31/10/2025,4.0833
03/11/2025,4.1085
04/11/2025,4.0832
05/11/2025,4.161
06/11/2025,4.0851
07/11/2025,4.0927
10/11/2025,4.1219
10/11/2025,4.1219
12/11/2025,4.0654
13/11/2025,4.1153
14/11/2025,4.1502
17/11/2025,4.1386
18/11/2025,4.1173
19/11/2025,4.1386
20/11/2025,4.0864
21/11/2025,4.0671
24/11/2025,4.0306
25/11/2025,3.9999
26/11/2025,3.9922
26/11/2025,3.9922
28/11/2025,4.0171
01/12/2025,4.0904
02/12/2025,4.0904
03/12/2025,4.0633
04/12/2025,4.1001
05/12/2025,4.139
08/12/2025,4.1702
09/12/2025,4.1878
10/12/2025,4.1546
11/12/2025,4.1527
12/12/2025,4.186
15/12/2025,4.1763
16/12/2025,4.147
17/12/2025,4.1529
18/12/2025,4.1236
19/12/2025,4.149
22/12/2025,4.1647
23/12/2025,4.1667
24/12/2025,4.1355
24/12/2025,4.1355
26/12/2025,4.1297
29/12/2025,4.1121
30/12/2025,4.1258
31/12/2025,4.1631
31/12/2025,4.1631
02/01/2026,4.1946
05/01/2026,4.1553
06/01/2026,4.1691
07/01/2026,4.1495
08/01/2026,4.1672
09/01/2026,4.1673
12/01/2026,4.1851
13/01/2026,4.1752
14/01/2026,4.1379
15/01/2026,4.1733
16/01/2026,4.2269
16/01/2026,4.2269
20/01/2026,4.2945
21/01/2026,4.2468
22/01/2026,4.2508
23/01/2026,4.2311
26/01/2026,4.2133
27/01/2026,4.2432
28/01/2026,4.2472
29/01/2026,4.2333
30/01/2026,4.2414
02/02/2026,4.2814
03/02/2026,4.2675
04/02/2026,4.2775
05/02/2026,4.188
06/02/2026,4.206
09/02/2026,4.2001
10/02/2026,4.1407
11/02/2026,4.1724
12/02/2026,4.1
13/02/2026,4.0483
13/02/2026,4.0483
17/02/2026,4.0617
18/02/2026,4.0846
19/02/2026,4.0693
20/02/2026,4.0864
23/02/2026,4.0309
24/02/2026,4.0366
25/02/2026,4.0576
26/02/2026,4.0098
27/02/2026,3.9488
02/03/2026,4.0383
03/03/2026,4.0651
04/03/2026,4.0978
05/03/2026,4.1383
06/03/2026,4.1383
09/03/2026,4.1015
10/03/2026,4.1557
11/03/2026,4.2277
12/03/2026,4.2609
13/03/2026,4.2826
16/03/2026,4.2219
17/03/2026,4.2004
18/03/2026,4.265
19/03/2026,4.2513
20/03/2026,4.3856
23/03/2026,4.3499
24/03/2026,4.3678
25/03/2026,4.3322
26/03/2026,4.4116
27/03/2026,4.4278
30/03/2026,4.3502
31/03/2026,4.3186
