Date,Price Close
01/09/2015,31.4
02/09/2015,26.09
03/09/2015,25.61
04/09/2015,27.8
04/09/2015,27.8
08/09/2015,24.9
09/09/2015,26.23
10/09/2015,24.37
11/09/2015,23.2
14/09/2015,24.25
15/09/2015,22.54
16/09/2015,21.35
17/09/2015,21.14
18/09/2015,22.28
21/09/2015,20.14
22/09/2015,22.44
23/09/2015,22.13
24/09/2015,23.47
25/09/2015,23.62
28/09/2015,27.63
29/09/2015,26.83
30/09/2015,24.5
01/10/2015,22.55
02/10/2015,20.94
05/10/2015,19.54
06/10/2015,19.4
07/10/2015,18.4
08/10/2015,17.42
09/10/2015,17.08
12/10/2015,16.17
13/10/2015,17.67
14/10/2015,18.03
15/10/2015,16.05
16/10/2015,15.05
19/10/2015,14.98
20/10/2015,15.75
21/10/2015,16.7
22/10/2015,14.45
23/10/2015,14.46
26/10/2015,15.29
27/10/2015,15.43
28/10/2015,14.33
29/10/2015,14.61
30/10/2015,15.07
02/11/2015,14.15
03/11/2015,14.54
04/11/2015,15.51
05/11/2015,15.05
06/11/2015,14.33
09/11/2015,16.52
10/11/2015,15.29
11/11/2015,16.06
12/11/2015,18.37
13/11/2015,20.08
16/11/2015,18.16
17/11/2015,18.84
18/11/2015,16.85
19/11/2015,16.99
20/11/2015,15.47
23/11/2015,15.62
24/11/2015,15.93
25/11/2015,15.19
25/11/2015,15.19
27/11/2015,15.12
30/11/2015,16.13
01/12/2015,14.67
02/12/2015,15.91
03/12/2015,18.11
04/12/2015,14.81
07/12/2015,15.84
08/12/2015,17.6
09/12/2015,19.61
10/12/2015,19.34
11/12/2015,24.39
14/12/2015,22.73
15/12/2015,20.95
16/12/2015,17.86
17/12/2015,18.94
18/12/2015,20.7
21/12/2015,18.7
22/12/2015,16.6
23/12/2015,15.57
24/12/2015,15.74
24/12/2015,15.74
28/12/2015,16.91
29/12/2015,16.08
30/12/2015,17.29
31/12/2015,18.21
31/12/2015,18.21
04/01/2016,20.7
05/01/2016,19.34
06/01/2016,20.59
07/01/2016,24.99
08/01/2016,27.01
11/01/2016,24.3
12/01/2016,22.47
13/01/2016,25.22
14/01/2016,23.95
15/01/2016,27.02
15/01/2016,27.02
19/01/2016,26.05
20/01/2016,27.59
21/01/2016,26.69
22/01/2016,22.34
25/01/2016,24.15
26/01/2016,22.5
27/01/2016,23.11
28/01/2016,22.42
29/01/2016,20.2
01/02/2016,19.98
02/02/2016,21.98
03/02/2016,21.65
04/02/2016,21.84
05/02/2016,23.38
08/02/2016,26
09/02/2016,26.54
10/02/2016,26.29
11/02/2016,28.14
12/02/2016,25.4
12/02/2016,25.4
16/02/2016,24.11
17/02/2016,22.31
18/02/2016,21.64
19/02/2016,20.53
22/02/2016,19.38
23/02/2016,20.98
24/02/2016,20.72
25/02/2016,19.11
26/02/2016,19.81
29/02/2016,20.55
01/03/2016,17.7
02/03/2016,17.09
03/03/2016,16.7
04/03/2016,16.86
07/03/2016,17.35
08/03/2016,18.67
09/03/2016,18.34
10/03/2016,18.05
11/03/2016,16.5
14/03/2016,16.92
15/03/2016,16.84
16/03/2016,14.99
17/03/2016,14.44
18/03/2016,14.02
21/03/2016,13.79
22/03/2016,14.17
23/03/2016,14.94
24/03/2016,14.74
24/03/2016,14.74
28/03/2016,15.24
29/03/2016,13.82
30/03/2016,13.56
31/03/2016,13.95
01/04/2016,13.1
04/04/2016,14.12
05/04/2016,15.42
06/04/2016,14.09
07/04/2016,16.16
08/04/2016,15.36
11/04/2016,16.26
12/04/2016,14.85
13/04/2016,13.84
14/04/2016,13.72
15/04/2016,13.62
18/04/2016,13.35
19/04/2016,13.24
20/04/2016,13.28
21/04/2016,13.95
22/04/2016,13.22
25/04/2016,14.08
26/04/2016,13.96
27/04/2016,13.77
28/04/2016,15.22
29/04/2016,15.7
02/05/2016,14.68
03/05/2016,15.6
04/05/2016,16.05
05/05/2016,15.91
06/05/2016,14.72
09/05/2016,14.57
10/05/2016,13.63
11/05/2016,14.69
12/05/2016,14.41
13/05/2016,15.04
16/05/2016,14.68
17/05/2016,15.57
18/05/2016,15.95
19/05/2016,16.33
20/05/2016,15.2
23/05/2016,15.82
24/05/2016,14.42
25/05/2016,13.9
26/05/2016,13.43
27/05/2016,13.12
27/05/2016,13.12
31/05/2016,14.19
01/06/2016,14.2
02/06/2016,13.63
03/06/2016,13.47
06/06/2016,13.65
07/06/2016,14.05
08/06/2016,14.08
09/06/2016,14.64
10/06/2016,17.03
13/06/2016,20.97
14/06/2016,20.5
15/06/2016,20.14
16/06/2016,19.37
17/06/2016,19.41
20/06/2016,18.37
21/06/2016,18.48
22/06/2016,21.17
23/06/2016,17.25
24/06/2016,25.76
27/06/2016,23.85
28/06/2016,18.75
29/06/2016,16.64
30/06/2016,15.63
01/07/2016,14.77
01/07/2016,14.77
05/07/2016,15.58
06/07/2016,14.96
07/07/2016,14.76
08/07/2016,13.2
11/07/2016,13.54
12/07/2016,13.55
13/07/2016,13.04
14/07/2016,12.82
15/07/2016,12.67
18/07/2016,12.44
19/07/2016,11.97
20/07/2016,11.77
21/07/2016,12.74
22/07/2016,12.02
25/07/2016,12.87
26/07/2016,13.05
27/07/2016,12.83
28/07/2016,12.72
29/07/2016,11.87
01/08/2016,12.44
02/08/2016,13.37
03/08/2016,12.86
04/08/2016,12.42
05/08/2016,11.39
08/08/2016,11.5
09/08/2016,11.66
10/08/2016,12.05
11/08/2016,11.68
12/08/2016,11.55
15/08/2016,11.81
16/08/2016,12.64
17/08/2016,12.19
18/08/2016,11.43
19/08/2016,11.34
22/08/2016,12.27
23/08/2016,12.38
24/08/2016,13.45
25/08/2016,13.63
26/08/2016,13.65
29/08/2016,12.94
30/08/2016,13.12
31/08/2016,13.42
01/09/2016,13.48
02/09/2016,11.98
02/09/2016,11.98
06/09/2016,12.02
07/09/2016,11.94
08/09/2016,12.51
09/09/2016,17.5
12/09/2016,15.16
13/09/2016,17.85
14/09/2016,18.14
15/09/2016,16.3
16/09/2016,15.37
19/09/2016,15.53
20/09/2016,15.92
21/09/2016,13.3
22/09/2016,12.02
23/09/2016,12.29
26/09/2016,14.5
27/09/2016,13.1
28/09/2016,12.39
29/09/2016,14.02
30/09/2016,13.29
03/10/2016,13.57
04/10/2016,13.63
05/10/2016,12.99
06/10/2016,12.84
07/10/2016,13.48
10/10/2016,13.38
11/10/2016,15.36
12/10/2016,15.91
13/10/2016,16.69
14/10/2016,16.12
17/10/2016,16.21
18/10/2016,15.28
19/10/2016,14.41
20/10/2016,13.75
21/10/2016,13.34
24/10/2016,13.02
25/10/2016,13.46
26/10/2016,14.24
27/10/2016,15.36
28/10/2016,16.19
31/10/2016,17.06
01/11/2016,18.56
02/11/2016,19.32
03/11/2016,22.08
04/11/2016,22.51
07/11/2016,18.71
08/11/2016,18.74
09/11/2016,14.38
10/11/2016,14.74
11/11/2016,14.17
14/11/2016,14.48
15/11/2016,13.37
16/11/2016,13.72
17/11/2016,13.35
18/11/2016,12.85
21/11/2016,12.42
22/11/2016,12.41
23/11/2016,12.43
23/11/2016,12.43
25/11/2016,12.34
28/11/2016,13.15
29/11/2016,12.9
30/11/2016,13.33
01/12/2016,14.07
02/12/2016,14.12
05/12/2016,12.14
06/12/2016,11.79
07/12/2016,12.22
08/12/2016,12.64
09/12/2016,11.75
12/12/2016,12.64
13/12/2016,12.72
14/12/2016,13.19
15/12/2016,12.79
16/12/2016,12.2
19/12/2016,11.71
20/12/2016,11.45
21/12/2016,11.27
22/12/2016,11.43
23/12/2016,11.44
23/12/2016,11.44
27/12/2016,11.99
28/12/2016,12.95
29/12/2016,13.37
30/12/2016,14.04
30/12/2016,14.04
03/01/2017,12.85
04/01/2017,11.85
05/01/2017,11.67
06/01/2017,11.32
09/01/2017,11.56
10/01/2017,11.49
11/01/2017,11.26
12/01/2017,11.54
13/01/2017,11.23
13/01/2017,11.23
17/01/2017,11.87
18/01/2017,12.48
19/01/2017,12.78
20/01/2017,11.54
23/01/2017,11.77
24/01/2017,11.07
25/01/2017,10.81
26/01/2017,10.63
27/01/2017,10.58
30/01/2017,11.88
31/01/2017,11.99
01/02/2017,11.81
02/02/2017,11.93
03/02/2017,10.97
06/02/2017,11.37
07/02/2017,11.29
08/02/2017,11.45
09/02/2017,10.88
10/02/2017,10.85
13/02/2017,11.07
14/02/2017,10.74
15/02/2017,11.97
16/02/2017,11.76
17/02/2017,11.49
17/02/2017,11.49
21/02/2017,11.57
22/02/2017,11.74
23/02/2017,11.71
24/02/2017,11.47
27/02/2017,12.09
28/02/2017,12.92
01/03/2017,12.54
02/03/2017,11.81
03/03/2017,10.96
06/03/2017,11.24
07/03/2017,11.45
08/03/2017,11.86
09/03/2017,12.3
10/03/2017,11.66
13/03/2017,11.35
14/03/2017,12.3
15/03/2017,11.63
16/03/2017,11.21
17/03/2017,11.28
20/03/2017,11.34
21/03/2017,12.47
22/03/2017,12.81
23/03/2017,13.12
24/03/2017,12.96
27/03/2017,12.5
28/03/2017,11.53
29/03/2017,11.42
30/03/2017,11.54
31/03/2017,12.37
03/04/2017,12.38
04/04/2017,11.79
05/04/2017,12.89
06/04/2017,12.39
07/04/2017,12.87
10/04/2017,14.05
11/04/2017,15.07
12/04/2017,15.77
13/04/2017,15.96
13/04/2017,15.96
17/04/2017,14.66
18/04/2017,14.42
19/04/2017,14.93
20/04/2017,14.15
21/04/2017,14.63
24/04/2017,10.84
25/04/2017,10.76
26/04/2017,10.85
27/04/2017,10.36
28/04/2017,10.82
01/05/2017,10.11
02/05/2017,10.59
03/05/2017,10.68
04/05/2017,10.46
05/05/2017,10.57
08/05/2017,9.77
09/05/2017,9.96
10/05/2017,10.21
11/05/2017,10.6
12/05/2017,10.4
15/05/2017,10.42
16/05/2017,10.65
17/05/2017,15.59
18/05/2017,14.66
19/05/2017,12.04
22/05/2017,10.93
23/05/2017,10.72
24/05/2017,10.02
25/05/2017,9.99
26/05/2017,9.81
26/05/2017,9.81
30/05/2017,10.38
31/05/2017,10.41
01/06/2017,9.89
02/06/2017,9.75
05/06/2017,10.07
06/06/2017,10.45
07/06/2017,10.39
08/06/2017,10.16
09/06/2017,10.7
12/06/2017,11.46
13/06/2017,10.42
14/06/2017,10.64
15/06/2017,10.9
16/06/2017,10.38
19/06/2017,10.37
20/06/2017,10.86
21/06/2017,10.75
22/06/2017,10.48
23/06/2017,10.02
26/06/2017,9.9
27/06/2017,11.06
28/06/2017,10.03
29/06/2017,11.44
30/06/2017,11.18
03/07/2017,11.22
03/07/2017,11.22
05/07/2017,11.07
06/07/2017,12.54
07/07/2017,11.19
10/07/2017,11.11
11/07/2017,10.89
12/07/2017,10.3
13/07/2017,9.9
14/07/2017,9.51
17/07/2017,9.82
18/07/2017,9.89
19/07/2017,9.79
20/07/2017,9.58
21/07/2017,9.36
24/07/2017,9.43
25/07/2017,9.43
26/07/2017,9.6
27/07/2017,10.11
28/07/2017,10.29
31/07/2017,10.26
01/08/2017,10.09
02/08/2017,10.28
03/08/2017,10.44
04/08/2017,10.03
07/08/2017,9.93
08/08/2017,10.96
09/08/2017,11.11
10/08/2017,16.04
11/08/2017,15.51
14/08/2017,12.33
15/08/2017,12.04
16/08/2017,11.74
17/08/2017,15.55
18/08/2017,14.26
21/08/2017,13.19
22/08/2017,11.35
23/08/2017,12.25
24/08/2017,12.23
25/08/2017,11.28
28/08/2017,11.32
29/08/2017,11.7
30/08/2017,11.22
31/08/2017,10.59
01/09/2017,10.13
01/09/2017,10.13
05/09/2017,12.23
06/09/2017,11.63
07/09/2017,11.55
08/09/2017,12.12
11/09/2017,10.73
12/09/2017,10.58
13/09/2017,10.5
14/09/2017,10.44
15/09/2017,10.17
18/09/2017,10.15
19/09/2017,10.18
20/09/2017,9.78
21/09/2017,9.67
22/09/2017,9.59
25/09/2017,10.21
26/09/2017,10.17
27/09/2017,9.87
28/09/2017,9.55
29/09/2017,9.51
02/10/2017,9.45
03/10/2017,9.51
04/10/2017,9.63
05/10/2017,9.19
06/10/2017,9.65
09/10/2017,10.33
10/10/2017,10.08
11/10/2017,9.85
12/10/2017,9.91
13/10/2017,9.61
16/10/2017,9.91
17/10/2017,10.31
18/10/2017,10.07
19/10/2017,10.05
20/10/2017,9.97
23/10/2017,11.07
24/10/2017,11.16
25/10/2017,11.23
26/10/2017,11.3
27/10/2017,9.8
30/10/2017,10.5
31/10/2017,10.18
01/11/2017,10.2
02/11/2017,9.93
03/11/2017,9.14
06/11/2017,9.4
07/11/2017,9.89
08/11/2017,9.78
09/11/2017,10.5
10/11/2017,11.29
13/11/2017,11.5
14/11/2017,11.59
15/11/2017,13.13
16/11/2017,11.76
17/11/2017,11.43
20/11/2017,10.65
21/11/2017,9.73
22/11/2017,9.88
22/11/2017,9.88
24/11/2017,9.67
27/11/2017,9.87
28/11/2017,10.03
29/11/2017,10.7
30/11/2017,11.28
01/12/2017,11.43
04/12/2017,11.68
05/12/2017,11.33
06/12/2017,11.02
07/12/2017,10.16
08/12/2017,9.58
11/12/2017,9.34
12/12/2017,9.92
13/12/2017,10.18
14/12/2017,10.49
15/12/2017,9.42
18/12/2017,9.53
19/12/2017,10.03
20/12/2017,9.72
21/12/2017,9.62
22/12/2017,9.9
22/12/2017,9.9
26/12/2017,10.25
27/12/2017,10.47
28/12/2017,10.18
29/12/2017,11.04
29/12/2017,11.04
02/01/2018,9.77
03/01/2018,9.15
04/01/2018,9.22
05/01/2018,9.22
08/01/2018,9.52
09/01/2018,10.08
10/01/2018,9.82
11/01/2018,9.88
12/01/2018,10.16
12/01/2018,10.16
16/01/2018,11.66
17/01/2018,11.91
18/01/2018,12.22
19/01/2018,11.27
22/01/2018,11.03
23/01/2018,11.1
24/01/2018,11.47
25/01/2018,11.58
26/01/2018,11.08
29/01/2018,13.84
30/01/2018,14.79
31/01/2018,13.54
01/02/2018,13.47
02/02/2018,17.31
05/02/2018,37.32
06/02/2018,29.98
07/02/2018,27.73
08/02/2018,33.46
09/02/2018,29.06
12/02/2018,25.61
13/02/2018,24.97
14/02/2018,19.26
15/02/2018,19.13
16/02/2018,19.46
16/02/2018,19.46
20/02/2018,20.6
21/02/2018,20.02
22/02/2018,18.72
23/02/2018,16.49
26/02/2018,15.8
27/02/2018,18.59
28/02/2018,19.85
01/03/2018,22.47
02/03/2018,19.59
05/03/2018,18.73
06/03/2018,18.36
07/03/2018,17.76
08/03/2018,16.54
09/03/2018,14.64
12/03/2018,15.78
13/03/2018,16.35
14/03/2018,17.23
15/03/2018,16.59
16/03/2018,15.8
19/03/2018,19.02
20/03/2018,18.2
21/03/2018,17.86
22/03/2018,23.34
23/03/2018,24.87
26/03/2018,21.03
27/03/2018,22.5
28/03/2018,22.87
29/03/2018,19.97
29/03/2018,19.97
02/04/2018,23.62
03/04/2018,21.1
04/04/2018,20.06
05/04/2018,18.94
06/04/2018,21.49
09/04/2018,21.77
10/04/2018,20.47
11/04/2018,20.24
12/04/2018,18.49
13/04/2018,17.41
16/04/2018,16.56
17/04/2018,15.25
18/04/2018,15.6
19/04/2018,15.96
20/04/2018,16.88
23/04/2018,16.34
24/04/2018,18.02
25/04/2018,17.84
26/04/2018,16.24
27/04/2018,15.41
30/04/2018,15.93
01/05/2018,15.49
02/05/2018,15.97
03/05/2018,15.9
04/05/2018,14.77
07/05/2018,14.75
08/05/2018,14.71
09/05/2018,13.42
10/05/2018,13.23
11/05/2018,12.65
14/05/2018,12.93
15/05/2018,14.63
16/05/2018,13.42
17/05/2018,13.43
18/05/2018,13.42
21/05/2018,13.08
22/05/2018,13.22
23/05/2018,12.58
24/05/2018,12.53
25/05/2018,13.22
25/05/2018,13.22
29/05/2018,17.02
30/05/2018,14.94
31/05/2018,15.43
01/06/2018,13.46
04/06/2018,12.74
05/06/2018,12.4
06/06/2018,11.64
07/06/2018,12.13
08/06/2018,12.18
11/06/2018,12.35
12/06/2018,12.34
13/06/2018,12.94
14/06/2018,12.12
15/06/2018,11.98
18/06/2018,12.31
19/06/2018,13.35
20/06/2018,12.79
21/06/2018,14.64
22/06/2018,13.77
25/06/2018,17.33
26/06/2018,15.92
27/06/2018,17.91
28/06/2018,16.85
29/06/2018,16.09
02/07/2018,15.6
03/07/2018,16.14
03/07/2018,16.14
05/07/2018,14.97
06/07/2018,13.37
09/07/2018,12.69
10/07/2018,12.64
11/07/2018,13.63
12/07/2018,12.58
13/07/2018,12.18
16/07/2018,12.83
17/07/2018,12.06
18/07/2018,12.1
19/07/2018,12.87
20/07/2018,12.86
23/07/2018,12.62
24/07/2018,12.41
25/07/2018,12.29
26/07/2018,12.14
27/07/2018,13.03
30/07/2018,14.26
31/07/2018,12.83
01/08/2018,13.15
02/08/2018,12.19
03/08/2018,11.64
06/08/2018,11.27
07/08/2018,10.93
08/08/2018,10.85
09/08/2018,11.27
10/08/2018,13.16
13/08/2018,14.78
14/08/2018,13.31
15/08/2018,14.64
16/08/2018,13.45
17/08/2018,12.64
20/08/2018,12.49
21/08/2018,12.86
22/08/2018,12.25
23/08/2018,12.41
24/08/2018,11.99
27/08/2018,12.16
28/08/2018,12.5
29/08/2018,12.25
30/08/2018,13.53
31/08/2018,12.86
31/08/2018,12.86
04/09/2018,13.16
05/09/2018,13.91
06/09/2018,14.65
07/09/2018,14.88
10/09/2018,14.16
11/09/2018,13.22
12/09/2018,13.14
13/09/2018,12.37
14/09/2018,12.07
17/09/2018,13.68
18/09/2018,12.79
19/09/2018,11.75
20/09/2018,11.8
21/09/2018,11.68
24/09/2018,12.2
25/09/2018,12.42
26/09/2018,12.89
27/09/2018,12.41
28/09/2018,12.12
01/10/2018,12
02/10/2018,12.05
03/10/2018,11.61
04/10/2018,14.22
05/10/2018,14.82
08/10/2018,15.69
09/10/2018,15.95
10/10/2018,22.96
11/10/2018,24.98
12/10/2018,21.31
15/10/2018,21.3
16/10/2018,17.62
17/10/2018,17.4
18/10/2018,20.06
19/10/2018,19.89
22/10/2018,19.64
23/10/2018,20.71
24/10/2018,25.23
25/10/2018,24.22
26/10/2018,24.16
29/10/2018,24.7
30/10/2018,23.35
31/10/2018,21.23
01/11/2018,19.34
02/11/2018,19.51
05/11/2018,19.96
06/11/2018,19.91
07/11/2018,16.36
08/11/2018,16.72
09/11/2018,17.36
12/11/2018,20.45
13/11/2018,20.02
14/11/2018,21.25
15/11/2018,19.98
16/11/2018,18.14
19/11/2018,20.1
20/11/2018,22.48
21/11/2018,20.8
21/11/2018,20.8
23/11/2018,21.52
26/11/2018,18.9
27/11/2018,19.02
28/11/2018,18.49
29/11/2018,18.79
30/11/2018,18.07
03/12/2018,16.44
04/12/2018,20.74
04/12/2018,20.74
06/12/2018,21.19
07/12/2018,23.23
10/12/2018,22.64
11/12/2018,21.76
12/12/2018,21.46
13/12/2018,20.65
14/12/2018,21.63
17/12/2018,24.52
18/12/2018,25.58
19/12/2018,25.58
20/12/2018,28.38
21/12/2018,30.11
24/12/2018,36.07
24/12/2018,36.07
26/12/2018,30.41
27/12/2018,29.96
28/12/2018,28.34
31/12/2018,25.42
31/12/2018,25.42
02/01/2019,23.22
03/01/2019,25.45
04/01/2019,21.38
07/01/2019,21.4
08/01/2019,20.47
09/01/2019,19.98
10/01/2019,19.5
11/01/2019,18.19
14/01/2019,19.07
15/01/2019,18.6
16/01/2019,19.04
17/01/2019,18.06
18/01/2019,17.8
18/01/2019,17.8
22/01/2019,20.8
23/01/2019,19.52
24/01/2019,18.89
25/01/2019,17.42
28/01/2019,18.87
29/01/2019,19.13
30/01/2019,17.66
31/01/2019,16.57
01/02/2019,16.14
04/02/2019,15.73
05/02/2019,15.57
06/02/2019,15.38
07/02/2019,16.37
08/02/2019,15.72
11/02/2019,15.97
12/02/2019,15.43
13/02/2019,15.65
14/02/2019,16.22
15/02/2019,14.91
15/02/2019,14.91
19/02/2019,14.88
20/02/2019,14.02
21/02/2019,14.46
22/02/2019,13.51
25/02/2019,14.85
26/02/2019,15.17
27/02/2019,14.7
28/02/2019,14.78
01/03/2019,13.57
04/03/2019,14.63
05/03/2019,14.74
06/03/2019,15.74
07/03/2019,16.59
08/03/2019,16.05
11/03/2019,14.33
12/03/2019,13.77
13/03/2019,13.41
14/03/2019,13.5
15/03/2019,12.88
18/03/2019,13.1
19/03/2019,13.56
20/03/2019,13.91
21/03/2019,13.63
22/03/2019,16.48
25/03/2019,16.33
26/03/2019,14.68
27/03/2019,15.15
28/03/2019,14.43
29/03/2019,13.71
01/04/2019,13.4
02/04/2019,13.36
03/04/2019,13.74
04/04/2019,13.58
05/04/2019,12.82
08/04/2019,13.18
09/04/2019,14.28
10/04/2019,13.3
11/04/2019,13.02
12/04/2019,12.01
15/04/2019,12.32
16/04/2019,12.18
17/04/2019,12.6
18/04/2019,12.09
18/04/2019,12.09
22/04/2019,12.42
23/04/2019,12.28
24/04/2019,13.14
25/04/2019,13.25
26/04/2019,12.73
29/04/2019,13.11
30/04/2019,13.12
01/05/2019,14.8
02/05/2019,14.42
03/05/2019,12.87
06/05/2019,15.44
07/05/2019,19.32
08/05/2019,19.4
09/05/2019,19.1
10/05/2019,16.04
13/05/2019,20.55
14/05/2019,18.06
15/05/2019,16.44
16/05/2019,15.29
17/05/2019,15.96
20/05/2019,16.31
21/05/2019,14.95
22/05/2019,14.75
23/05/2019,16.92
24/05/2019,15.85
24/05/2019,15.85
28/05/2019,17.5
29/05/2019,17.9
30/05/2019,17.3
31/05/2019,18.71
03/06/2019,18.86
04/06/2019,16.97
05/06/2019,16.09
06/06/2019,15.93
07/06/2019,16.3
10/06/2019,15.94
11/06/2019,15.99
12/06/2019,15.91
13/06/2019,15.82
14/06/2019,15.28
17/06/2019,15.35
18/06/2019,15.15
19/06/2019,14.33
20/06/2019,14.75
21/06/2019,15.4
24/06/2019,15.26
25/06/2019,16.28
26/06/2019,16.21
27/06/2019,15.82
28/06/2019,15.08
01/07/2019,14.06
02/07/2019,12.93
03/07/2019,12.57
03/07/2019,12.57
05/07/2019,13.28
08/07/2019,13.96
09/07/2019,14.09
10/07/2019,13.03
11/07/2019,12.93
12/07/2019,12.39
15/07/2019,12.68
16/07/2019,12.86
17/07/2019,13.97
18/07/2019,13.53
19/07/2019,14.45
22/07/2019,13.53
23/07/2019,12.61
24/07/2019,12.07
25/07/2019,12.74
26/07/2019,12.16
29/07/2019,12.83
30/07/2019,13.94
31/07/2019,16.12
01/08/2019,17.87
02/08/2019,17.61
05/08/2019,24.59
06/08/2019,20.17
07/08/2019,19.49
08/08/2019,16.91
09/08/2019,17.97
12/08/2019,21.09
13/08/2019,17.52
14/08/2019,22.1
15/08/2019,21.18
16/08/2019,18.47
19/08/2019,16.88
20/08/2019,17.5
21/08/2019,15.8
22/08/2019,16.68
23/08/2019,19.87
26/08/2019,19.32
27/08/2019,20.31
28/08/2019,19.35
29/08/2019,17.88
30/08/2019,18.98
30/08/2019,18.98
03/09/2019,19.66
04/09/2019,17.33
05/09/2019,16.27
06/09/2019,15
09/09/2019,15.27
10/09/2019,15.2
11/09/2019,14.61
12/09/2019,14.22
13/09/2019,13.74
16/09/2019,14.67
17/09/2019,14.44
18/09/2019,13.95
19/09/2019,14.05
20/09/2019,15.32
23/09/2019,14.91
24/09/2019,17.05
25/09/2019,15.96
26/09/2019,16.07
27/09/2019,17.22
30/09/2019,16.24
01/10/2019,18.56
02/10/2019,20.56
03/10/2019,19.12
04/10/2019,17.04
07/10/2019,17.86
08/10/2019,20.28
09/10/2019,18.64
10/10/2019,17.57
11/10/2019,15.58
14/10/2019,14.57
15/10/2019,13.54
16/10/2019,13.68
17/10/2019,13.79
18/10/2019,14.25
21/10/2019,14
22/10/2019,14.46
23/10/2019,14.01
24/10/2019,13.71
25/10/2019,12.65
28/10/2019,13.11
29/10/2019,13.2
30/10/2019,12.33
31/10/2019,13.22
01/11/2019,12.3
04/11/2019,12.83
05/11/2019,13.1
06/11/2019,12.62
07/11/2019,12.73
08/11/2019,12.07
11/11/2019,12.69
12/11/2019,12.68
13/11/2019,13
14/11/2019,13.05
15/11/2019,12.05
18/11/2019,12.46
19/11/2019,12.86
20/11/2019,12.78
21/11/2019,13.13
22/11/2019,12.34
25/11/2019,11.87
26/11/2019,11.54
27/11/2019,11.75
27/11/2019,11.75
29/11/2019,12.62
02/12/2019,14.91
03/12/2019,15.96
04/12/2019,14.8
05/12/2019,14.52
06/12/2019,13.62
09/12/2019,15.86
10/12/2019,15.68
11/12/2019,14.99
12/12/2019,13.94
13/12/2019,12.63
16/12/2019,12.14
17/12/2019,12.29
18/12/2019,12.58
19/12/2019,12.5
20/12/2019,12.51
23/12/2019,12.61
24/12/2019,12.67
24/12/2019,12.67
26/12/2019,12.65
27/12/2019,13.43
30/12/2019,14.82
31/12/2019,13.78
31/12/2019,13.78
02/01/2020,12.47
03/01/2020,14.02
06/01/2020,13.85
07/01/2020,13.79
08/01/2020,13.45
09/01/2020,12.54
10/01/2020,12.56
13/01/2020,12.32
14/01/2020,12.39
15/01/2020,12.42
16/01/2020,12.32
17/01/2020,12.1
17/01/2020,12.1
21/01/2020,12.85
22/01/2020,12.91
23/01/2020,12.98
24/01/2020,14.56
27/01/2020,18.23
28/01/2020,16.28
29/01/2020,16.39
30/01/2020,15.49
31/01/2020,18.84
03/02/2020,17.97
04/02/2020,16.05
05/02/2020,15.15
06/02/2020,14.96
07/02/2020,15.47
10/02/2020,15.04
11/02/2020,15.18
12/02/2020,13.74
13/02/2020,14.15
14/02/2020,13.68
14/02/2020,13.68
18/02/2020,14.83
19/02/2020,14.38
20/02/2020,15.56
21/02/2020,17.08
24/02/2020,25.03
25/02/2020,27.85
26/02/2020,27.56
27/02/2020,39.16
28/02/2020,40.11
02/03/2020,33.42
03/03/2020,36.82
04/03/2020,31.99
05/03/2020,39.62
06/03/2020,41.94
09/03/2020,54.46
10/03/2020,47.3
11/03/2020,53.9
12/03/2020,75.47
13/03/2020,57.83
16/03/2020,82.69
17/03/2020,75.91
18/03/2020,76.45
19/03/2020,72
20/03/2020,66.04
23/03/2020,61.59
24/03/2020,61.67
25/03/2020,63.95
26/03/2020,61
27/03/2020,65.54
30/03/2020,57.08
31/03/2020,53.54
01/04/2020,57.06
02/04/2020,50.91
03/04/2020,46.8
06/04/2020,45.24
07/04/2020,46.7
08/04/2020,43.35
09/04/2020,41.67
09/04/2020,41.67
13/04/2020,41.17
14/04/2020,37.76
15/04/2020,40.84
16/04/2020,40.11
17/04/2020,38.15
20/04/2020,43.83
21/04/2020,45.41
22/04/2020,41.98
23/04/2020,41.38
24/04/2020,35.93
27/04/2020,33.29
28/04/2020,33.57
29/04/2020,31.23
30/04/2020,34.15
01/05/2020,37.19
04/05/2020,35.97
05/05/2020,33.61
06/05/2020,34.12
07/05/2020,31.44
08/05/2020,27.98
11/05/2020,27.57
12/05/2020,33.04
13/05/2020,35.28
14/05/2020,32.61
15/05/2020,31.89
18/05/2020,29.3
19/05/2020,30.53
20/05/2020,27.99
21/05/2020,29.53
22/05/2020,28.16
22/05/2020,28.16
26/05/2020,28.01
27/05/2020,27.62
28/05/2020,28.59
29/05/2020,27.51
01/06/2020,28.23
02/06/2020,26.84
03/06/2020,25.66
04/06/2020,25.81
05/06/2020,24.52
08/06/2020,25.81
09/06/2020,27.57
10/06/2020,27.57
11/06/2020,40.79
12/06/2020,36.09
15/06/2020,34.4
16/06/2020,33.67
17/06/2020,33.47
18/06/2020,32.94
19/06/2020,35.12
22/06/2020,31.77
23/06/2020,31.37
24/06/2020,33.84
25/06/2020,32.22
26/06/2020,34.73
29/06/2020,31.78
30/06/2020,30.43
01/07/2020,28.62
02/07/2020,27.68
02/07/2020,27.68
06/07/2020,27.94
07/07/2020,29.43
08/07/2020,28.08
09/07/2020,29.26
10/07/2020,27.29
13/07/2020,32.19
14/07/2020,29.52
15/07/2020,27.76
16/07/2020,28
17/07/2020,25.68
20/07/2020,24.46
21/07/2020,24.84
22/07/2020,24.32
23/07/2020,26.08
24/07/2020,25.84
27/07/2020,24.74
28/07/2020,25.44
29/07/2020,24.1
30/07/2020,24.76
31/07/2020,24.46
03/08/2020,24.28
04/08/2020,23.76
05/08/2020,22.99
06/08/2020,22.65
07/08/2020,22.21
10/08/2020,22.13
11/08/2020,24.03
12/08/2020,22.28
13/08/2020,22.13
14/08/2020,22.05
17/08/2020,21.35
18/08/2020,21.51
19/08/2020,22.54
20/08/2020,22.72
21/08/2020,22.54
24/08/2020,22.37
25/08/2020,22.03
26/08/2020,23.27
27/08/2020,24.47
28/08/2020,22.96
31/08/2020,26.41
01/09/2020,26.12
02/09/2020,26.57
03/09/2020,33.6
04/09/2020,30.75
04/09/2020,30.75
08/09/2020,31.46
09/09/2020,28.81
10/09/2020,29.71
11/09/2020,26.87
14/09/2020,25.85
15/09/2020,25.59
16/09/2020,26.04
17/09/2020,26.46
18/09/2020,25.83
21/09/2020,27.78
22/09/2020,26.86
23/09/2020,28.58
24/09/2020,28.51
25/09/2020,26.38
28/09/2020,26.19
29/09/2020,26.27
30/09/2020,26.37
01/10/2020,26.7
02/10/2020,27.63
05/10/2020,27.96
06/10/2020,29.48
07/10/2020,28.06
08/10/2020,26.36
09/10/2020,25
12/10/2020,25.07
13/10/2020,26.07
14/10/2020,26.4
15/10/2020,26.97
16/10/2020,27.41
19/10/2020,29.18
20/10/2020,29.35
21/10/2020,28.65
22/10/2020,28.11
23/10/2020,27.55
26/10/2020,32.46
27/10/2020,33.35
28/10/2020,40.28
29/10/2020,37.59
30/10/2020,38.02
02/11/2020,37.13
03/11/2020,35.55
04/11/2020,29.57
05/11/2020,27.58
06/11/2020,24.86
09/11/2020,25.75
10/11/2020,24.8
11/11/2020,23.45
12/11/2020,25.35
13/11/2020,23.1
16/11/2020,22.45
17/11/2020,22.71
18/11/2020,23.84
19/11/2020,23.11
20/11/2020,23.7
23/11/2020,22.66
24/11/2020,21.64
25/11/2020,21.25
25/11/2020,21.25
27/11/2020,20.84
30/11/2020,20.57
01/12/2020,20.77
02/12/2020,21.17
03/12/2020,21.28
04/12/2020,20.79
07/12/2020,21.3
08/12/2020,20.68
09/12/2020,22.27
10/12/2020,22.52
11/12/2020,23.31
14/12/2020,24.72
15/12/2020,22.89
16/12/2020,22.5
17/12/2020,21.93
18/12/2020,21.57
21/12/2020,25.16
22/12/2020,24.23
23/12/2020,23.31
24/12/2020,21.53
24/12/2020,21.53
28/12/2020,21.7
29/12/2020,23.08
30/12/2020,22.77
31/12/2020,22.75
31/12/2020,22.75
04/01/2021,26.97
05/01/2021,25.34
06/01/2021,25.07
07/01/2021,22.37
08/01/2021,21.56
11/01/2021,24.08
12/01/2021,23.33
13/01/2021,22.21
14/01/2021,23.25
15/01/2021,24.34
15/01/2021,24.34
19/01/2021,23.24
20/01/2021,21.58
21/01/2021,21.32
22/01/2021,21.91
25/01/2021,23.19
26/01/2021,23.02
27/01/2021,37.21
28/01/2021,30.21
29/01/2021,33.09
01/02/2021,30.24
02/02/2021,25.56
03/02/2021,22.91
04/02/2021,21.77
05/02/2021,20.87
08/02/2021,21.24
09/02/2021,21.63
10/02/2021,21.99
11/02/2021,21.25
12/02/2021,19.97
12/02/2021,19.97
16/02/2021,21.46
17/02/2021,21.5
18/02/2021,22.49
19/02/2021,22.05
22/02/2021,23.45
23/02/2021,23.11
24/02/2021,21.34
25/02/2021,28.89
26/02/2021,27.95
01/03/2021,23.35
02/03/2021,24.1
03/03/2021,26.67
04/03/2021,28.57
05/03/2021,24.66
08/03/2021,25.47
09/03/2021,24.03
10/03/2021,22.56
11/03/2021,21.91
12/03/2021,20.69
15/03/2021,20.03
16/03/2021,19.79
17/03/2021,19.23
18/03/2021,21.58
19/03/2021,20.95
22/03/2021,18.88
23/03/2021,20.3
24/03/2021,21.2
25/03/2021,19.81
26/03/2021,18.86
29/03/2021,20.74
30/03/2021,19.61
31/03/2021,19.4
01/04/2021,17.33
01/04/2021,17.33
05/04/2021,17.91
06/04/2021,18.12
07/04/2021,17.16
08/04/2021,16.95
09/04/2021,16.69
12/04/2021,16.91
13/04/2021,16.65
14/04/2021,16.99
15/04/2021,16.57
16/04/2021,16.25
19/04/2021,17.29
20/04/2021,18.68
21/04/2021,17.5
22/04/2021,18.71
23/04/2021,17.33
26/04/2021,17.64
27/04/2021,17.56
28/04/2021,17.28
29/04/2021,17.61
30/04/2021,18.61
03/05/2021,18.31
04/05/2021,19.48
05/05/2021,19.15
06/05/2021,18.39
07/05/2021,16.69
10/05/2021,19.66
11/05/2021,21.84
12/05/2021,27.59
13/05/2021,23.13
14/05/2021,18.81
17/05/2021,19.72
18/05/2021,21.34
19/05/2021,22.18
20/05/2021,20.67
21/05/2021,20.15
24/05/2021,18.4
25/05/2021,18.84
26/05/2021,17.36
27/05/2021,16.74
28/05/2021,16.76
28/05/2021,16.76
01/06/2021,17.9
02/06/2021,17.48
03/06/2021,18.04
04/06/2021,16.42
07/06/2021,16.42
08/06/2021,17.07
09/06/2021,17.89
10/06/2021,16.1
11/06/2021,15.65
14/06/2021,16.39
15/06/2021,17.02
16/06/2021,18.15
17/06/2021,17.75
18/06/2021,20.7
21/06/2021,17.89
22/06/2021,16.66
23/06/2021,16.32
24/06/2021,15.97
25/06/2021,15.62
28/06/2021,15.76
29/06/2021,16.02
30/06/2021,15.83
01/07/2021,15.48
02/07/2021,15.07
02/07/2021,15.07
06/07/2021,16.44
07/07/2021,16.2
08/07/2021,19
09/07/2021,16.18
12/07/2021,16.17
13/07/2021,17.12
14/07/2021,16.33
15/07/2021,17.01
16/07/2021,18.45
19/07/2021,22.5
20/07/2021,19.73
21/07/2021,17.91
22/07/2021,17.69
23/07/2021,17.2
26/07/2021,17.58
27/07/2021,19.36
28/07/2021,18.31
29/07/2021,17.7
30/07/2021,18.24
02/08/2021,19.46
03/08/2021,18.04
04/08/2021,17.97
05/08/2021,17.28
06/08/2021,16.15
09/08/2021,16.72
10/08/2021,16.79
11/08/2021,16.06
12/08/2021,15.59
13/08/2021,15.45
16/08/2021,16.12
17/08/2021,17.91
18/08/2021,21.57
19/08/2021,21.67
20/08/2021,18.56
23/08/2021,17.15
24/08/2021,17.22
25/08/2021,16.79
26/08/2021,18.84
27/08/2021,16.39
30/08/2021,16.19
31/08/2021,16.48
01/09/2021,16.11
02/09/2021,16.41
03/09/2021,16.41
06/09/2021,16.41
07/09/2021,18.14
08/09/2021,17.96
09/09/2021,18.8
10/09/2021,20.95
13/09/2021,19.37
14/09/2021,19.46
15/09/2021,18.18
16/09/2021,18.69
17/09/2021,20.81
20/09/2021,25.71
21/09/2021,24.36
22/09/2021,20.87
23/09/2021,18.63
24/09/2021,17.75
27/09/2021,18.76
28/09/2021,23.25
29/09/2021,22.56
30/09/2021,23.14
01/10/2021,21.15
04/10/2021,22.96
05/10/2021,21.3
06/10/2021,21
07/10/2021,19.54
08/10/2021,18.77
11/10/2021,20
12/10/2021,19.85
13/10/2021,18.64
14/10/2021,16.86
15/10/2021,16.3
18/10/2021,16.31
19/10/2021,15.7
20/10/2021,15.49
21/10/2021,15.01
22/10/2021,15.43
25/10/2021,15.24
26/10/2021,15.98
27/10/2021,16.98
28/10/2021,16.53
29/10/2021,16.26
01/11/2021,16.41
02/11/2021,16.03
03/11/2021,15.1
04/11/2021,15.44
05/11/2021,16.48
08/11/2021,17.22
09/11/2021,17.78
10/11/2021,18.73
11/11/2021,17.66
12/11/2021,16.29
15/11/2021,16.49
16/11/2021,16.37
17/11/2021,17.11
18/11/2021,17.59
19/11/2021,17.91
22/11/2021,19.17
23/11/2021,19.38
24/11/2021,18.58
25/11/2021,18.58
26/11/2021,28.62
29/11/2021,22.96
30/11/2021,27.19
01/12/2021,31.12
02/12/2021,27.95
03/12/2021,30.67
06/12/2021,27.18
07/12/2021,21.89
08/12/2021,19.9
09/12/2021,21.58
10/12/2021,18.69
13/12/2021,20.31
14/12/2021,21.89
15/12/2021,19.29
16/12/2021,20.57
17/12/2021,21.57
20/12/2021,22.87
21/12/2021,21.01
22/12/2021,18.63
23/12/2021,17.96
24/12/2021,17.96
27/12/2021,17.68
28/12/2021,17.54
29/12/2021,16.95
30/12/2021,17.33
31/12/2021,17.22
03/01/2022,16.6
04/01/2022,16.91
05/01/2022,19.73
06/01/2022,19.61
07/01/2022,18.76
10/01/2022,19.4
11/01/2022,18.41
12/01/2022,17.62
13/01/2022,20.31
14/01/2022,19.19
17/01/2022,19.19
18/01/2022,22.79
19/01/2022,23.85
20/01/2022,25.59
21/01/2022,28.85
24/01/2022,29.9
25/01/2022,31.16
26/01/2022,31.96
27/01/2022,30.49
28/01/2022,27.66
31/01/2022,24.83
01/02/2022,21.96
02/02/2022,22.09
03/02/2022,24.35
04/02/2022,23.22
07/02/2022,22.86
08/02/2022,21.44
09/02/2022,19.96
10/02/2022,23.91
11/02/2022,27.36
14/02/2022,28.33
15/02/2022,25.7
16/02/2022,24.29
17/02/2022,28.11
18/02/2022,27.75
21/02/2022,27.75
22/02/2022,28.81
23/02/2022,31.02
24/02/2022,30.32
25/02/2022,27.59
28/02/2022,30.15
01/03/2022,33.32
02/03/2022,30.74
03/03/2022,30.48
04/03/2022,31.98
07/03/2022,36.45
08/03/2022,35.13
09/03/2022,32.45
10/03/2022,30.23
11/03/2022,30.75
14/03/2022,31.77
15/03/2022,29.83
16/03/2022,26.67
17/03/2022,25.67
18/03/2022,23.87
21/03/2022,23.53
22/03/2022,22.94
23/03/2022,23.57
24/03/2022,21.67
25/03/2022,20.81
28/03/2022,19.63
29/03/2022,18.9
30/03/2022,19.33
31/03/2022,20.56
01/04/2022,19.63
04/04/2022,18.57
05/04/2022,21.03
06/04/2022,22.1
07/04/2022,21.55
08/04/2022,21.16
11/04/2022,24.37
12/04/2022,24.26
13/04/2022,21.82
14/04/2022,22.7
15/04/2022,22.7
18/04/2022,22.17
19/04/2022,21.37
20/04/2022,20.32
21/04/2022,22.68
22/04/2022,28.21
25/04/2022,27.02
26/04/2022,33.52
27/04/2022,31.6
28/04/2022,29.99
29/04/2022,33.4
02/05/2022,32.34
03/05/2022,29.25
04/05/2022,25.42
05/05/2022,31.2
06/05/2022,30.19
09/05/2022,34.75
10/05/2022,32.99
11/05/2022,32.56
12/05/2022,31.77
13/05/2022,28.87
16/05/2022,27.47
17/05/2022,26.1
18/05/2022,30.96
19/05/2022,29.35
20/05/2022,29.43
23/05/2022,28.48
24/05/2022,29.45
25/05/2022,28.37
26/05/2022,27.5
27/05/2022,25.72
30/05/2022,26.54
31/05/2022,26.19
01/06/2022,25.69
02/06/2022,24.72
03/06/2022,24.79
06/06/2022,25.07
07/06/2022,24.02
08/06/2022,23.96
09/06/2022,26.09
10/06/2022,27.75
13/06/2022,34.02
14/06/2022,32.69
15/06/2022,29.62
16/06/2022,32.95
17/06/2022,31.13
20/06/2022,31.03
21/06/2022,30.19
22/06/2022,28.95
23/06/2022,29.05
24/06/2022,27.23
27/06/2022,26.95
28/06/2022,28.36
29/06/2022,28.16
30/06/2022,28.71
01/07/2022,26.7
04/07/2022,27.53
05/07/2022,27.54
06/07/2022,26.73
07/07/2022,26.08
08/07/2022,24.64
11/07/2022,26.17
12/07/2022,27.29
13/07/2022,26.82
14/07/2022,26.4
15/07/2022,24.23
18/07/2022,25.3
19/07/2022,24.5
20/07/2022,23.88
21/07/2022,23.11
22/07/2022,23.03
25/07/2022,23.36
26/07/2022,24.69
27/07/2022,23.24
28/07/2022,22.33
29/07/2022,21.33
01/08/2022,22.84
02/08/2022,23.93
03/08/2022,21.95
04/08/2022,21.44
05/08/2022,21.15
08/08/2022,21.29
09/08/2022,21.77
10/08/2022,19.74
11/08/2022,20.2
12/08/2022,19.53
15/08/2022,19.95
16/08/2022,19.69
17/08/2022,19.9
18/08/2022,19.56
19/08/2022,20.6
22/08/2022,23.8
23/08/2022,24.11
24/08/2022,22.82
25/08/2022,21.78
26/08/2022,25.56
29/08/2022,26.21
30/08/2022,26.21
31/08/2022,25.87
01/09/2022,25.56
02/09/2022,25.47
05/09/2022,25.99
06/09/2022,26.91
07/09/2022,24.64
08/09/2022,23.61
09/09/2022,22.79
12/09/2022,23.87
13/09/2022,27.27
14/09/2022,26.16
15/09/2022,26.27
16/09/2022,26.3
19/09/2022,25.76
20/09/2022,27.16
21/09/2022,27.99
22/09/2022,27.35
23/09/2022,29.92
26/09/2022,32.26
27/09/2022,32.6
28/09/2022,30.18
29/09/2022,31.84
30/09/2022,31.62
03/10/2022,30.1
04/10/2022,29.07
05/10/2022,28.55
06/10/2022,30.52
07/10/2022,31.36
10/10/2022,32.45
11/10/2022,33.63
12/10/2022,33.57
13/10/2022,31.94
14/10/2022,32.02
17/10/2022,31.37
18/10/2022,30.5
19/10/2022,30.76
20/10/2022,29.98
21/10/2022,29.69
24/10/2022,29.85
25/10/2022,28.46
26/10/2022,27.28
27/10/2022,27.39
28/10/2022,25.75
31/10/2022,25.88
01/11/2022,25.81
02/11/2022,25.86
03/11/2022,25.3
04/11/2022,24.55
07/11/2022,24.35
08/11/2022,25.54
09/11/2022,26.09
10/11/2022,23.53
11/11/2022,22.52
14/11/2022,23.73
15/11/2022,24.54
16/11/2022,24.11
17/11/2022,23.93
18/11/2022,23.12
21/11/2022,22.36
22/11/2022,21.29
23/11/2022,20.35
24/11/2022,20.42
25/11/2022,20.5
28/11/2022,22.21
29/11/2022,21.89
30/11/2022,20.58
01/12/2022,19.84
02/12/2022,19.06
05/12/2022,20.75
06/12/2022,22.17
07/12/2022,22.68
08/12/2022,22.29
09/12/2022,22.83
12/12/2022,25
13/12/2022,22.55
14/12/2022,21.14
15/12/2022,22.83
16/12/2022,22.62
19/12/2022,22.42
20/12/2022,21.48
21/12/2022,20.07
22/12/2022,21.97
23/12/2022,20.87
26/12/2022,20.87
27/12/2022,21.65
28/12/2022,22.14
29/12/2022,21.44
30/12/2022,21.67
02/01/2023,21.67
03/01/2023,22.9
04/01/2023,22.01
05/01/2023,22.46
06/01/2023,21.13
09/01/2023,21.97
10/01/2023,20.58
11/01/2023,21.09
12/01/2023,18.83
13/01/2023,18.35
16/01/2023,19.49
17/01/2023,19.36
18/01/2023,20.34
19/01/2023,20.52
20/01/2023,19.85
23/01/2023,19.81
24/01/2023,19.2
25/01/2023,19.08
26/01/2023,18.73
27/01/2023,18.51
30/01/2023,19.94
31/01/2023,19.4
01/02/2023,17.87
02/02/2023,18.73
03/02/2023,18.33
06/02/2023,19.43
07/02/2023,18.66
08/02/2023,19.63
09/02/2023,20.71
10/02/2023,20.53
13/02/2023,20.34
14/02/2023,18.91
15/02/2023,18.23
16/02/2023,20.17
17/02/2023,20.02
20/02/2023,21.23
21/02/2023,22.87
22/02/2023,22.29
23/02/2023,21.14
24/02/2023,21.67
27/02/2023,20.95
28/02/2023,20.7
01/03/2023,20.58
02/03/2023,19.59
03/03/2023,18.49
06/03/2023,18.61
07/03/2023,19.59
08/03/2023,19.11
09/03/2023,22.61
10/03/2023,24.8
13/03/2023,26.52
14/03/2023,23.73
15/03/2023,26.14
16/03/2023,22.99
17/03/2023,25.51
20/03/2023,24.15
21/03/2023,21.38
22/03/2023,22.26
23/03/2023,22.61
24/03/2023,21.74
27/03/2023,20.6
28/03/2023,19.97
29/03/2023,19.12
30/03/2023,19.02
31/03/2023,18.7
03/04/2023,18.55
04/04/2023,19
05/04/2023,19.08
06/04/2023,18.4
06/04/2023,18.4
10/04/2023,18.97
11/04/2023,19.1
12/04/2023,19.09
13/04/2023,17.8
14/04/2023,17.07
17/04/2023,16.95
18/04/2023,16.83
19/04/2023,16.46
20/04/2023,17.17
21/04/2023,16.77
24/04/2023,16.89
25/04/2023,18.76
26/04/2023,18.84
27/04/2023,17.03
28/04/2023,15.78
01/05/2023,16.08
02/05/2023,17.78
03/05/2023,18.34
04/05/2023,20.09
05/05/2023,17.19
08/05/2023,16.98
09/05/2023,17.71
10/05/2023,16.94
11/05/2023,16.93
12/05/2023,17.03
15/05/2023,17.12
16/05/2023,17.99
17/05/2023,16.87
18/05/2023,16.05
19/05/2023,16.81
22/05/2023,17.21
23/05/2023,18.53
24/05/2023,20.03
25/05/2023,19.14
26/05/2023,17.95
29/05/2023,17.46
30/05/2023,17.46
31/05/2023,17.94
01/06/2023,15.65
02/06/2023,14.6
05/06/2023,14.73
06/06/2023,13.96
07/06/2023,13.94
08/06/2023,13.65
09/06/2023,13.83
12/06/2023,15.01
13/06/2023,14.61
14/06/2023,13.88
15/06/2023,14.5
16/06/2023,13.54
19/06/2023,14.19
20/06/2023,13.88
21/06/2023,13.2
22/06/2023,12.91
23/06/2023,13.44
26/06/2023,14.25
27/06/2023,13.74
28/06/2023,13.43
29/06/2023,13.54
30/06/2023,13.59
03/07/2023,13.57
04/07/2023,13.7
05/07/2023,14.18
06/07/2023,15.44
07/07/2023,14.83
10/07/2023,15.07
11/07/2023,14.84
12/07/2023,13.54
13/07/2023,13.61
14/07/2023,13.34
17/07/2023,13.48
18/07/2023,13.3
19/07/2023,13.76
20/07/2023,13.99
21/07/2023,13.6
24/07/2023,13.91
25/07/2023,13.86
26/07/2023,13.19
27/07/2023,14.41
28/07/2023,13.33
31/07/2023,13.63
01/08/2023,13.93
02/08/2023,16.09
03/08/2023,15.92
04/08/2023,17.1
07/08/2023,15.77
08/08/2023,15.99
09/08/2023,15.96
10/08/2023,15.85
11/08/2023,14.84
14/08/2023,14.82
15/08/2023,16.46
16/08/2023,16.78
17/08/2023,17.89
18/08/2023,17.3
21/08/2023,17.13
22/08/2023,16.97
23/08/2023,15.98
24/08/2023,17.2
25/08/2023,15.68
28/08/2023,15.08
29/08/2023,14.45
30/08/2023,13.88
31/08/2023,13.57
01/09/2023,13.09
04/09/2023,13.82
05/09/2023,14.01
06/09/2023,14.45
07/09/2023,14.4
08/09/2023,13.84
11/09/2023,13.8
12/09/2023,14.23
13/09/2023,13.48
14/09/2023,12.82
15/09/2023,13.79
18/09/2023,14
19/09/2023,14.11
20/09/2023,15.14
21/09/2023,17.54
22/09/2023,17.2
25/09/2023,16.9
26/09/2023,18.94
27/09/2023,18.22
28/09/2023,17.34
29/09/2023,17.52
02/10/2023,17.61
03/10/2023,19.78
04/10/2023,18.58
05/10/2023,18.49
06/10/2023,17.45
09/10/2023,17.7
10/10/2023,17.03
11/10/2023,16.09
12/10/2023,16.69
13/10/2023,19.32
16/10/2023,17.21
17/10/2023,17.88
18/10/2023,19.22
19/10/2023,21.4
20/10/2023,21.71
23/10/2023,20.37
24/10/2023,18.97
25/10/2023,20.19
26/10/2023,20.68
27/10/2023,21.27
30/10/2023,19.75
31/10/2023,18.14
01/11/2023,16.87
02/11/2023,15.66
03/11/2023,14.91
06/11/2023,14.89
07/11/2023,14.81
08/11/2023,14.45
09/11/2023,15.29
10/11/2023,14.17
13/11/2023,14.76
14/11/2023,14.16
15/11/2023,14.18
16/11/2023,14.32
17/11/2023,13.8
20/11/2023,13.41
21/11/2023,13.35
22/11/2023,12.85
23/11/2023,12.8
24/11/2023,12.46
27/11/2023,12.69
28/11/2023,12.69
29/11/2023,12.98
30/11/2023,12.92
01/12/2023,12.63
04/12/2023,13.08
05/12/2023,12.85
06/12/2023,12.97
07/12/2023,13.06
08/12/2023,12.35
11/12/2023,12.63
12/12/2023,12.07
13/12/2023,12.19
14/12/2023,12.48
15/12/2023,12.28
18/12/2023,12.56
19/12/2023,12.53
20/12/2023,13.67
21/12/2023,13.65
22/12/2023,13.03
22/12/2023,13.03
26/12/2023,12.99
27/12/2023,12.43
28/12/2023,12.47
29/12/2023,12.45
29/12/2023,12.45
02/01/2024,13.2
03/01/2024,14.04
04/01/2024,14.13
05/01/2024,13.35
08/01/2024,13.08
09/01/2024,12.76
10/01/2024,12.69
11/01/2024,12.44
12/01/2024,12.7
15/01/2024,13.25
16/01/2024,13.84
17/01/2024,14.79
18/01/2024,14.13
19/01/2024,13.3
22/01/2024,13.19
23/01/2024,12.55
24/01/2024,13.14
25/01/2024,13.45
26/01/2024,13.26
29/01/2024,13.6
30/01/2024,13.31
31/01/2024,14.35
01/02/2024,13.88
02/02/2024,13.85
05/02/2024,13.67
06/02/2024,13.06
07/02/2024,12.83
08/02/2024,12.79
09/02/2024,12.93
12/02/2024,13.93
13/02/2024,15.85
14/02/2024,14.38
15/02/2024,14.01
16/02/2024,14.24
19/02/2024,14.71
20/02/2024,15.42
21/02/2024,15.34
22/02/2024,14.54
23/02/2024,13.75
26/02/2024,13.74
27/02/2024,13.43
28/02/2024,13.84
29/02/2024,13.4
01/03/2024,13.11
04/03/2024,13.49
05/03/2024,14.46
06/03/2024,14.5
07/03/2024,14.44
08/03/2024,14.74
11/03/2024,15.22
12/03/2024,13.84
13/03/2024,13.75
14/03/2024,14.4
15/03/2024,14.41
18/03/2024,14.33
19/03/2024,13.82
20/03/2024,13.04
21/03/2024,12.92
22/03/2024,13.06
25/03/2024,13.19
26/03/2024,13.24
27/03/2024,12.78
28/03/2024,13.01
28/03/2024,13.01
01/04/2024,13.65
02/04/2024,14.61
03/04/2024,14.33
04/04/2024,16.35
05/04/2024,16.03
08/04/2024,15.19
09/04/2024,14.98
10/04/2024,15.8
11/04/2024,14.91
12/04/2024,17.31
15/04/2024,19.23
16/04/2024,18.4
17/04/2024,18.21
18/04/2024,18
19/04/2024,18.71
22/04/2024,16.94
23/04/2024,15.69
24/04/2024,15.97
25/04/2024,15.37
26/04/2024,15.03
29/04/2024,14.67
30/04/2024,15.65
01/05/2024,15.39
02/05/2024,14.68
03/05/2024,13.49
06/05/2024,13.49
07/05/2024,13.23
08/05/2024,13
09/05/2024,12.69
10/05/2024,12.55
13/05/2024,13.6
14/05/2024,13.42
15/05/2024,12.45
16/05/2024,12.42
17/05/2024,11.99
20/05/2024,12.15
21/05/2024,11.86
22/05/2024,12.29
23/05/2024,12.77
24/05/2024,11.93
27/05/2024,12.36
28/05/2024,12.92
29/05/2024,14.28
30/05/2024,14.47
31/05/2024,12.92
03/06/2024,13.11
04/06/2024,13.16
05/06/2024,12.63
06/06/2024,12.58
07/06/2024,12.22
10/06/2024,12.74
11/06/2024,12.85
12/06/2024,12.04
13/06/2024,11.94
14/06/2024,12.66
17/06/2024,12.75
18/06/2024,12.3
19/06/2024,12.48
20/06/2024,13.28
21/06/2024,13.2
24/06/2024,13.33
25/06/2024,12.84
26/06/2024,12.55
27/06/2024,12.24
28/06/2024,12.44
01/07/2024,12.22
02/07/2024,12.03
03/07/2024,12.09
04/07/2024,12.26
05/07/2024,12.48
08/07/2024,12.37
09/07/2024,12.51
10/07/2024,12.85
11/07/2024,12.92
12/07/2024,12.46
15/07/2024,13.12
16/07/2024,13.19
17/07/2024,14.48
18/07/2024,15.93
19/07/2024,16.52
22/07/2024,14.91
23/07/2024,14.72
24/07/2024,18.04
25/07/2024,18.46
26/07/2024,16.39
29/07/2024,16.6
30/07/2024,17.69
31/07/2024,16.36
01/08/2024,18.59
02/08/2024,23.39
05/08/2024,38.57
06/08/2024,27.71
07/08/2024,27.85
08/08/2024,23.79
09/08/2024,20.37
12/08/2024,20.71
13/08/2024,18.12
14/08/2024,16.19
15/08/2024,15.23
16/08/2024,14.8
19/08/2024,14.65
20/08/2024,15.88
21/08/2024,16.27
22/08/2024,17.55
23/08/2024,15.86
26/08/2024,16.15
27/08/2024,15.43
28/08/2024,17.11
29/08/2024,15.65
30/08/2024,15
02/09/2024,15.55
03/09/2024,20.72
04/09/2024,21.32
05/09/2024,19.9
06/09/2024,22.38
09/09/2024,19.45
10/09/2024,19.08
11/09/2024,17.69
12/09/2024,17.07
13/09/2024,16.56
16/09/2024,17.14
17/09/2024,17.61
18/09/2024,18.23
19/09/2024,16.33
20/09/2024,16.15
23/09/2024,15.89
24/09/2024,15.39
25/09/2024,15.41
26/09/2024,15.37
27/09/2024,16.96
30/09/2024,16.73
01/10/2024,19.26
02/10/2024,18.9
03/10/2024,20.49
04/10/2024,19.21
07/10/2024,22.64
08/10/2024,21.42
09/10/2024,20.86
10/10/2024,20.93
11/10/2024,20.46
14/10/2024,19.7
15/10/2024,20.64
16/10/2024,19.58
17/10/2024,19.11
18/10/2024,18.03
21/10/2024,18.37
22/10/2024,18.2
23/10/2024,19.24
24/10/2024,19.08
25/10/2024,20.33
28/10/2024,19.8
29/10/2024,19.34
30/10/2024,20.35
31/10/2024,23.16
01/11/2024,21.88
04/11/2024,21.98
05/11/2024,20.49
06/11/2024,16.27
07/11/2024,15.2
08/11/2024,14.94
11/11/2024,14.97
12/11/2024,14.71
13/11/2024,14.02
14/11/2024,14.31
15/11/2024,16.14
18/11/2024,15.58
19/11/2024,16.35
20/11/2024,17.16
21/11/2024,16.87
22/11/2024,15.24
25/11/2024,14.6
26/11/2024,14.1
27/11/2024,14.1
28/11/2024,13.9
29/11/2024,13.51
02/12/2024,13.34
03/12/2024,13.3
04/12/2024,13.45
05/12/2024,13.54
06/12/2024,12.77
09/12/2024,14.19
10/12/2024,14.18
11/12/2024,13.58
12/12/2024,13.92
13/12/2024,13.81
16/12/2024,14.69
17/12/2024,15.87
18/12/2024,27.62
19/12/2024,24.09
20/12/2024,18.36
23/12/2024,16.78
24/12/2024,14.27
24/12/2024,14.27
26/12/2024,14.73
27/12/2024,15.95
30/12/2024,17.4
31/12/2024,17.35
31/12/2024,17.35
02/01/2025,17.93
03/01/2025,16.13
06/01/2025,16.04
07/01/2025,17.82
08/01/2025,17.7
09/01/2025,18.07
10/01/2025,19.54
13/01/2025,19.19
14/01/2025,18.71
15/01/2025,16.12
16/01/2025,16.6
17/01/2025,15.97
20/01/2025,15.81
21/01/2025,15.06
22/01/2025,15.1
23/01/2025,15.02
24/01/2025,14.85
27/01/2025,17.9
28/01/2025,16.41
29/01/2025,16.56
30/01/2025,15.84
31/01/2025,16.43
03/02/2025,18.62
04/02/2025,17.21
05/02/2025,15.77
06/02/2025,15.5
07/02/2025,16.54
10/02/2025,15.81
11/02/2025,16.02
12/02/2025,15.89
13/02/2025,15.1
14/02/2025,14.77
17/02/2025,15.37
18/02/2025,15.35
19/02/2025,15.27
20/02/2025,15.66
21/02/2025,18.21
24/02/2025,18.98
25/02/2025,19.43
26/02/2025,19.1
27/02/2025,21.13
28/02/2025,19.63
03/03/2025,22.78
04/03/2025,23.51
05/03/2025,21.93
06/03/2025,24.87
07/03/2025,23.37
10/03/2025,27.86
11/03/2025,26.92
12/03/2025,24.23
13/03/2025,24.66
14/03/2025,21.77
17/03/2025,20.51
18/03/2025,21.7
19/03/2025,19.9
20/03/2025,19.8
21/03/2025,19.28
24/03/2025,17.48
25/03/2025,17.15
26/03/2025,18.33
27/03/2025,18.69
28/03/2025,21.65
31/03/2025,22.28
01/04/2025,21.77
02/04/2025,21.51
03/04/2025,30.02
04/04/2025,45.31
07/04/2025,46.98
08/04/2025,52.33
09/04/2025,33.62
10/04/2025,40.72
11/04/2025,37.56
14/04/2025,30.89
15/04/2025,30.12
16/04/2025,32.64
17/04/2025,29.65
17/04/2025,29.65
21/04/2025,33.82
22/04/2025,30.57
23/04/2025,28.45
24/04/2025,26.47
25/04/2025,24.84
28/04/2025,25.15
29/04/2025,24.17
30/04/2025,24.7
01/05/2025,24.6
02/05/2025,22.68
05/05/2025,23.64
06/05/2025,24.76
07/05/2025,23.55
08/05/2025,22.48
09/05/2025,21.9
12/05/2025,18.39
13/05/2025,18.22
14/05/2025,18.62
15/05/2025,17.83
16/05/2025,17.24
19/05/2025,18.14
20/05/2025,18.09
21/05/2025,20.87
22/05/2025,20.28
23/05/2025,22.29
26/05/2025,20.57
27/05/2025,18.96
28/05/2025,19.31
29/05/2025,19.18
30/05/2025,18.57
02/06/2025,18.36
03/06/2025,17.69
04/06/2025,17.61
05/06/2025,18.48
06/06/2025,16.77
09/06/2025,17.16
10/06/2025,16.95
11/06/2025,17.26
12/06/2025,18.02
13/06/2025,20.82
16/06/2025,19.11
17/06/2025,21.6
18/06/2025,20.14
19/06/2025,22.17
20/06/2025,20.62
23/06/2025,19.83
24/06/2025,17.48
25/06/2025,16.76
26/06/2025,16.59
27/06/2025,16.32
30/06/2025,16.73
01/07/2025,16.83
02/07/2025,16.64
03/07/2025,16.38
04/07/2025,17.48
07/07/2025,17.79
08/07/2025,16.81
09/07/2025,15.94
10/07/2025,15.78
11/07/2025,16.4
14/07/2025,17.2
15/07/2025,17.38
16/07/2025,17.16
17/07/2025,16.52
18/07/2025,16.41
21/07/2025,16.65
22/07/2025,16.5
23/07/2025,15.37
24/07/2025,15.39
25/07/2025,14.93
28/07/2025,15.03
29/07/2025,15.98
30/07/2025,15.48
31/07/2025,16.72
01/08/2025,20.38
04/08/2025,17.52
05/08/2025,17.85
06/08/2025,16.77
07/08/2025,16.57
08/08/2025,15.15
11/08/2025,16.25
12/08/2025,14.73
13/08/2025,14.49
14/08/2025,14.83
15/08/2025,15.09
18/08/2025,14.99
19/08/2025,15.57
20/08/2025,15.69
21/08/2025,16.6
22/08/2025,14.22
25/08/2025,14.79
26/08/2025,14.62
27/08/2025,14.85
28/08/2025,14.43
29/08/2025,15.36
01/09/2025,16.12
02/09/2025,17.17
03/09/2025,16.35
04/09/2025,15.3
05/09/2025,15.18
08/09/2025,15.11
09/09/2025,15.04
10/09/2025,15.35
11/09/2025,14.71
12/09/2025,14.76
15/09/2025,15.69
16/09/2025,16.36
17/09/2025,15.72
18/09/2025,15.7
19/09/2025,15.45
22/09/2025,16.1
23/09/2025,16.64
24/09/2025,16.18
25/09/2025,16.74
26/09/2025,15.29
29/09/2025,16.12
30/09/2025,16.28
01/10/2025,16.29
02/10/2025,16.63
03/10/2025,16.65
06/10/2025,16.37
07/10/2025,17.24
08/10/2025,16.3
09/10/2025,16.43
10/10/2025,21.66
13/10/2025,19.03
14/10/2025,20.81
15/10/2025,20.64
16/10/2025,25.31
17/10/2025,20.78
20/10/2025,18.23
21/10/2025,17.87
22/10/2025,18.6
23/10/2025,17.3
24/10/2025,16.37
27/10/2025,15.79
28/10/2025,16.42
29/10/2025,16.92
30/10/2025,16.91
31/10/2025,17.44
03/11/2025,17.17
04/11/2025,19
05/11/2025,18.01
06/11/2025,19.5
07/11/2025,19.08
10/11/2025,17.6
11/11/2025,17.28
12/11/2025,17.51
13/11/2025,20
14/11/2025,19.83
17/11/2025,22.38
18/11/2025,24.69
19/11/2025,23.66
20/11/2025,26.42
21/11/2025,23.43
24/11/2025,20.52
25/11/2025,18.56
26/11/2025,17.19
27/11/2025,17.21
28/11/2025,16.35
01/12/2025,17.24
02/12/2025,16.59
03/12/2025,16.08
04/12/2025,15.78
05/12/2025,15.41
08/12/2025,16.66
09/12/2025,16.93
10/12/2025,15.77
11/12/2025,14.85
12/12/2025,15.74
15/12/2025,16.5
16/12/2025,16.48
17/12/2025,17.62
18/12/2025,16.87
19/12/2025,14.91
22/12/2025,14.08
23/12/2025,14
24/12/2025,13.47
24/12/2025,13.47
26/12/2025,13.6
29/12/2025,14.2
30/12/2025,14.33
31/12/2025,14.95
31/12/2025,14.95
02/01/2026,14.51
05/01/2026,14.9
06/01/2026,14.75
07/01/2026,15.38
08/01/2026,15.45
09/01/2026,14.49
12/01/2026,15.12
13/01/2026,15.98
14/01/2026,16.75
15/01/2026,15.84
16/01/2026,15.86
19/01/2026,18.84
20/01/2026,20.09
21/01/2026,16.9
22/01/2026,15.64
23/01/2026,16.09
26/01/2026,16.15
27/01/2026,16.35
28/01/2026,16.35
29/01/2026,16.88
30/01/2026,17.44
02/02/2026,16.34
03/02/2026,18
04/02/2026,18.64
05/02/2026,21.77
06/02/2026,17.76
09/02/2026,17.36
10/02/2026,17.79
11/02/2026,17.65
12/02/2026,20.82
13/02/2026,20.6
16/02/2026,21.2
17/02/2026,20.29
18/02/2026,19.62
19/02/2026,20.23
20/02/2026,19.09
23/02/2026,21.01
24/02/2026,19.55
25/02/2026,17.93
26/02/2026,18.63
27/02/2026,19.86
02/03/2026,21.44
03/03/2026,23.57
04/03/2026,21.15
05/03/2026,23.75
06/03/2026,29.49
09/03/2026,25.5
10/03/2026,24.93
11/03/2026,24.23
12/03/2026,27.29
13/03/2026,27.19
16/03/2026,23.51
17/03/2026,22.37
18/03/2026,25.09
19/03/2026,24.06
20/03/2026,26.78
23/03/2026,26.15
24/03/2026,26.95
25/03/2026,25.33
26/03/2026,27.44
27/03/2026,31.05
30/03/2026,30.61
31/03/2026,25.25
